,action,position_type,entry_price,entry_time,stop_loss,take_profit,exit_price,pnl,exit_time
0,sell,short,149.646,2023-10-18 07:00:00,149.70107142857142,149.55421428571427,,,
1,stop_loss,short,149.646,2023-10-18 10:15:00,149.70107142857142,149.55421428571427,149.712,-1.0,2023-10-18 10:20:00
2,buy,long,149.739,2023-10-18 11:40:00,149.70514285714287,149.79542857142857,,,
3,stop_loss,long,149.739,2023-10-18 11:55:00,149.74085714285715,149.79542857142857,149.72,-1.0,2023-10-18 12:00:00
4,buy,long,149.763,2023-10-18 12:20:00,149.71092857142858,149.84978571428573,,,
5,stop_loss,long,149.763,2023-10-18 13:30:00,149.71092857142858,149.84978571428573,149.681,-1.0,2023-10-18 13:35:00
6,sell,short,149.744,2023-10-19 04:15:00,149.80957142857142,149.6347142857143,,,
7,stop_loss,short,149.744,2023-10-19 05:15:00,149.80957142857142,149.6347142857143,149.813,-1.0,2023-10-19 05:20:00
8,sell,short,149.803,2023-10-19 14:20:00,149.83867857142857,149.7435357142857,,,
9,stop_loss,short,149.803,2023-10-19 14:45:00,149.83867857142857,149.7435357142857,149.848,-1.0,2023-10-19 14:50:00
10,sell,short,149.76,2023-10-19 19:10:00,149.84367857142857,149.6205357142857,,,
11,stop_loss,short,149.76,2023-10-19 19:15:00,149.7567857142857,149.6205357142857,149.809,-1.0,2023-10-19 19:20:00
12,sell,short,149.864,2023-10-19 19:35:00,149.98260714285715,149.66632142857142,,,
13,buy,long,149.876,2023-10-19 19:40:00,149.7497857142857,150.08635714285717,,,
14,stop_loss,long,149.876,2023-10-19 19:40:00,149.7497857142857,150.08635714285717,149.747,-1.0,2023-10-19 19:45:00
15,sell,short,149.728,2023-10-19 20:05:00,149.87007142857144,149.49121428571428,,,
16,stop_loss,short,149.728,2023-10-20 03:55:00,149.87007142857144,149.49121428571428,149.896,-1.0,2023-10-20 04:00:00
17,buy,long,149.935,2023-10-25 19:35:00,149.9114285714286,149.9742857142857,,,
18,take_profit,long,149.935,2023-10-25 19:50:00,149.94321428571428,149.9742857142857,149.975,1.5,2023-10-25 19:55:00
19,sell,short,150.424,2023-10-26 10:00:00,150.61964285714288,150.09792857142858,,,
20,stop_loss,short,150.424,2023-10-26 12:35:00,150.30935714285712,150.09792857142858,150.314,-1.0,2023-10-26 12:40:00
21,sell,short,150.145,2023-10-27 10:25:00,150.2189285714286,150.02178571428573,,,
22,stop_loss,short,150.145,2023-10-27 11:20:00,150.1092142857143,150.02178571428573,150.115,-1.0,2023-10-27 11:25:00
23,sell,short,149.047,2023-10-30 23:30:00,149.0805357142857,148.99110714285715,,,
24,stop_loss,short,149.047,2023-10-31 00:10:00,149.0805357142857,148.99110714285715,149.095,-1.0,2023-10-31 00:15:00
25,sell,short,150.602,2023-11-02 01:35:00,150.6715357142857,150.48610714285715,,,
26,take_profit,short,150.602,2023-11-02 02:05:00,150.55685714285715,150.48610714285715,150.423,1.5,2023-11-02 02:10:00
27,sell,short,150.231,2023-11-02 14:10:00,150.29582142857143,150.12296428571426,,,
28,take_profit,short,150.231,2023-11-02 14:25:00,150.18285714285713,150.12296428571426,150.074,1.5,2023-11-02 14:30:00
29,buy,long,150.411,2023-11-02 19:20:00,150.3489642857143,150.51439285714284,,,
30,stop_loss,long,150.411,2023-11-02 20:30:00,150.43992857142857,150.51439285714284,150.408,-1.0,2023-11-02 20:35:00
31,buy,long,150.042,2023-11-06 23:40:00,150.0200357142857,150.07860714285712,,,
32,stop_loss,long,150.042,2023-11-06 23:50:00,150.0200357142857,150.07860714285712,150.013,-1.0,2023-11-06 23:55:00
33,sell,short,150.606,2023-11-08 10:05:00,150.66932142857144,150.5004642857143,,,
34,stop_loss,short,150.606,2023-11-08 10:05:00,150.66932142857144,150.5004642857143,150.677,-1.0,2023-11-08 10:10:00
35,buy,long,150.923,2023-11-09 06:05:00,150.8909642857143,150.97639285714286,,,
36,take_profit,long,150.923,2023-11-09 07:40:00,150.95378571428571,150.97639285714286,150.985,1.5,2023-11-09 07:45:00
37,sell,short,151.504,2023-11-10 23:50:00,151.52992857142857,151.4607857142857,,,
38,take_profit,short,151.504,2023-11-10 23:50:00,151.52992857142857,151.4607857142857,151.42,1.5,2023-11-10 23:55:00
39,sell,short,151.635,2023-11-13 18:00:00,151.84671428571428,151.28214285714284,,,
40,stop_loss,short,151.635,2023-11-13 19:00:00,151.5722142857143,151.28214285714284,151.579,-1.0,2023-11-13 19:05:00
41,sell,short,151.686,2023-11-14 07:10:00,151.71096428571428,151.64439285714286,,,
42,stop_loss,short,151.686,2023-11-14 07:25:00,151.71096428571428,151.64439285714286,151.718,-1.0,2023-11-14 07:30:00
43,sell,short,150.813,2023-11-14 17:50:00,150.94885714285715,150.5865714285714,,,
44,stop_loss,short,150.813,2023-11-14 18:10:00,150.80692857142859,150.5865714285714,150.811,-1.0,2023-11-14 18:15:00
45,buy,long,150.582,2023-11-15 03:20:00,150.46264285714284,150.78092857142857,,,
46,stop_loss,long,150.582,2023-11-15 04:35:00,150.62321428571428,150.78092857142857,150.612,-1.0,2023-11-15 04:40:00
47,sell,short,148.351,2023-11-20 18:40:00,148.44217857142857,148.1990357142857,,,
48,stop_loss,short,148.351,2023-11-20 19:00:00,148.25549999999998,148.1990357142857,148.266,-1.0,2023-11-20 19:05:00
49,sell,short,147.392,2023-11-21 06:05:00,147.5285,147.1645,,,
50,stop_loss,short,147.392,2023-11-21 06:35:00,147.38178571428574,147.1645,147.452,-1.0,2023-11-21 06:40:00
51,sell,short,148.07,2023-11-22 01:05:00,148.14007142857142,147.95321428571427,,,
52,stop_loss,short,148.07,2023-11-22 01:15:00,148.0672142857143,147.95321428571427,148.077,-1.0,2023-11-22 01:20:00
53,buy,long,149.591,2023-11-23 20:40:00,149.57160714285715,149.62332142857142,,,
54,stop_loss,long,149.591,2023-11-23 21:00:00,149.57160714285715,149.62332142857142,149.568,-1.0,2023-11-23 21:05:00
55,buy,long,148.26,2023-11-28 05:40:00,148.16528571428572,148.41785714285714,,,
56,stop_loss,long,148.26,2023-11-28 06:15:00,148.16528571428572,148.41785714285714,148.165,-1.0,2023-11-28 06:20:00
57,sell,short,147.553,2023-11-28 19:50:00,147.66646428571428,147.36389285714287,,,
58,stop_loss,short,147.553,2023-11-28 20:05:00,147.66646428571428,147.36389285714287,147.668,-1.0,2023-11-28 20:10:00
59,sell,short,144.238,2023-12-13 21:05:00,144.43964285714287,143.90192857142858,,,
60,take_profit,short,144.238,2023-12-13 21:05:00,144.13042857142858,143.90192857142858,143.74,1.5,2023-12-13 21:10:00
61,sell,short,141.479,2023-12-14 18:50:00,141.6617857142857,141.17435714285716,,,
62,stop_loss,short,141.479,2023-12-14 18:55:00,141.6617857142857,141.17435714285716,141.667,-1.0,2023-12-14 19:00:00
63,sell,short,144.267,2023-12-19 16:40:00,144.44785714285715,143.96557142857142,,,
64,take_profit,short,144.267,2023-12-19 16:40:00,144.44785714285715,143.96557142857142,143.963,1.5,2023-12-19 16:45:00
65,sell,short,142.461,2023-12-22 22:55:00,142.50353571428573,142.39010714285715,,,
66,take_profit,short,142.461,2023-12-22 23:50:00,142.41935714285714,142.39010714285715,142.216,1.5,2023-12-22 23:55:00
67,buy,long,149.766,2023-10-18 11:05:00,149.72796428571428,149.82939285714284,,,
68,stop_loss,long,149.766,2023-10-18 11:20:00,149.72796428571428,149.82939285714284,149.723,-1.0,2023-10-18 11:25:00
69,buy,long,149.746,2023-10-18 13:20:00,149.70839285714288,149.80867857142857,,,
70,stop_loss,long,149.746,2023-10-18 13:30:00,149.70839285714288,149.80867857142857,149.681,-1.0,2023-10-18 13:35:00
71,sell,short,149.645,2023-10-18 14:50:00,149.6864642857143,149.5758928571429,,,
72,stop_loss,short,149.645,2023-10-18 15:20:00,149.6864642857143,149.5758928571429,149.692,-1.0,2023-10-18 15:25:00
73,buy,long,149.727,2023-10-18 16:15:00,149.6765357142857,149.81110714285714,,,
74,take_profit,long,149.727,2023-10-18 17:30:00,149.75614285714286,149.81110714285714,149.827,1.5,2023-10-18 17:35:00
75,sell,short,149.784,2023-10-18 21:05:00,149.8390714285714,149.6922142857143,,,
76,stop_loss,short,149.784,2023-10-18 21:25:00,149.8390714285714,149.6922142857143,149.863,-1.0,2023-10-18 21:30:00
77,sell,short,149.758,2023-10-19 09:45:00,149.80075,149.68675000000002,,,
78,stop_loss,short,149.758,2023-10-19 11:10:00,149.80075,149.68675000000002,149.83,-1.0,2023-10-19 11:15:00
79,buy,long,149.855,2023-10-19 12:35:00,149.8217857142857,149.91035714285715,,,
80,stop_loss,long,149.855,2023-10-19 12:50:00,149.8217857142857,149.91035714285715,149.815,-1.0,2023-10-19 12:55:00
81,sell,short,149.808,2023-10-19 16:15:00,149.86328571428572,149.71585714285712,,,
82,stop_loss,short,149.808,2023-10-19 17:35:00,149.86328571428572,149.71585714285712,149.875,-1.0,2023-10-19 17:40:00
83,sell,short,149.759,2023-10-19 20:55:00,149.84760714285713,149.61132142857142,,,
84,stop_loss,short,149.759,2023-10-20 00:40:00,149.75578571428574,149.61132142857142,149.763,-1.0,2023-10-20 00:45:00
85,buy,long,149.862,2023-10-23 04:05:00,149.81635714285713,149.93807142857142,,,
86,stop_loss,long,149.862,2023-10-23 05:15:00,149.86828571428572,149.93807142857142,149.857,-1.0,2023-10-23 05:20:00
87,buy,long,150.002,2023-10-25 21:45:00,149.95850000000002,150.07450000000003,,,
88,take_profit,long,150.002,2023-10-25 23:05:00,150.04814285714284,150.07450000000003,150.075,1.5,2023-10-25 23:10:00
89,sell,short,150.062,2023-10-26 01:15:00,150.1132142857143,149.97664285714288,,,
90,stop_loss,short,150.062,2023-10-26 01:30:00,150.1132142857143,149.97664285714288,150.145,-1.0,2023-10-26 01:35:00
91,sell,short,150.17,2023-10-26 15:50:00,150.27885714285713,149.98857142857142,,,
92,stop_loss,short,150.17,2023-10-26 16:55:00,150.27885714285713,149.98857142857142,150.339,-1.0,2023-10-26 17:00:00
93,sell,short,150.344,2023-10-27 02:25:00,150.36425,150.31025,,,
94,stop_loss,short,150.344,2023-10-27 02:55:00,150.36425,150.31025,150.378,-1.0,2023-10-27 03:00:00
95,sell,short,150.34,2023-10-27 03:35:00,150.38425,150.26625,,,
96,stop_loss,short,150.34,2023-10-27 03:45:00,150.32549999999998,150.26625,150.364,-1.0,2023-10-27 03:50:00
97,sell,short,149.732,2023-10-27 16:20:00,149.86839285714285,149.50467857142857,,,
98,stop_loss,short,149.732,2023-10-27 17:05:00,149.69199999999998,149.50467857142857,149.694,-1.0,2023-10-27 17:10:00
99,sell,short,149.045,2023-10-30 23:40:00,149.07896428571428,148.98839285714286,,,
100,stop_loss,short,149.045,2023-10-31 00:10:00,149.07896428571428,148.98839285714286,149.095,-1.0,2023-10-31 00:15:00
101,buy,long,150.227,2023-10-31 09:30:00,150.1285357142857,150.39110714285715,,,
102,stop_loss,long,150.227,2023-10-31 09:30:00,150.1285357142857,150.39110714285715,150.109,-1.0,2023-10-31 09:35:00
103,buy,long,150.73,2023-10-31 12:00:00,150.55085714285713,151.0285714285714,,,
104,stop_loss,long,150.73,2023-10-31 14:40:00,150.86542857142857,151.0285714285714,150.864,-1.0,2023-10-31 14:45:00
105,sell,short,150.792,2023-11-01 21:20:00,150.96664285714286,150.50092857142857,,,
106,stop_loss,short,150.792,2023-11-02 00:45:00,150.625,150.50092857142857,150.643,-1.0,2023-11-02 00:50:00
107,sell,short,150.395,2023-11-02 11:00:00,150.52239285714285,150.1826785714286,,,
108,stop_loss,short,150.395,2023-11-02 11:35:00,150.30100000000002,150.1826785714286,150.319,-1.0,2023-11-02 11:40:00
109,sell,short,149.356,2023-11-03 15:55:00,149.5375,149.05349999999999,,,
110,stop_loss,short,149.356,2023-11-03 15:55:00,149.5375,149.05349999999999,149.559,-1.0,2023-11-03 16:00:00
111,sell,short,150.857,2023-11-08 17:15:00,150.92835714285715,150.73807142857143,,,
112,stop_loss,short,150.857,2023-11-08 18:25:00,150.792,150.73807142857143,150.813,-1.0,2023-11-08 18:30:00
113,buy,long,150.965,2023-11-08 21:25:00,150.93210714285715,151.01982142857145,,,
114,take_profit,long,150.965,2023-11-08 21:40:00,150.99571428571426,151.01982142857145,151.024,1.5,2023-11-08 21:45:00
115,take_profit,short,151.311,2023-11-10 03:05:00,151.35278571428572,151.24135714285714,151.228,1.5,2023-11-10 03:10:00
116,buy,long,151.502,2023-11-10 17:45:00,151.43107142857144,151.62021428571427,,,
117,stop_loss,long,151.502,2023-11-10 19:25:00,151.535,151.62021428571427,151.532,-1.0,2023-11-10 19:30:00
118,buy,long,151.592,2023-11-13 03:30:00,151.53735714285716,151.68307142857145,,,
119,take_profit,long,151.592,2023-11-13 06:05:00,151.65892857142856,151.68307142857145,151.686,1.5,2023-11-13 06:10:00
120,buy,long,151.747,2023-11-13 14:05:00,151.72107142857143,151.7902142857143,,,
121,stop_loss,long,151.747,2023-11-13 15:05:00,151.7615,151.7902142857143,151.726,-1.0,2023-11-13 15:10:00
122,sell,short,150.37,2023-11-14 21:50:00,150.41253571428572,150.29910714285714,,,
123,take_profit,short,150.37,2023-11-14 22:10:00,150.36,150.29910714285714,150.296,1.5,2023-11-14 22:15:00
124,sell,short,150.264,2023-11-15 13:55:00,150.3236785714286,150.16453571428573,,,
125,stop_loss,short,150.264,2023-11-15 14:05:00,150.3236785714286,150.16453571428573,150.396,-1.0,2023-11-15 14:10:00
126,sell,short,150.459,2023-11-16 17:15:00,150.58617857142858,150.24703571428574,,,
127,stop_loss,short,150.459,2023-11-16 17:30:00,150.41392857142856,150.24703571428574,150.506,-1.0,2023-11-16 17:35:00
128,buy,long,149.505,2023-11-17 14:15:00,149.38767857142858,149.7005357142857,,,
129,stop_loss,long,149.505,2023-11-17 14:20:00,149.38767857142858,149.7005357142857,149.354,-1.0,2023-11-17 14:25:00
130,sell,short,149.398,2023-11-20 04:20:00,149.51842857142856,149.19728571428573,,,
131,take_profit,short,149.398,2023-11-20 04:20:00,149.3582857142857,149.19728571428573,149.01,1.5,2023-11-20 04:25:00
132,buy,long,149.012,2023-11-20 07:25:00,148.9120357142857,149.17860714285715,,,
133,stop_loss,long,149.012,2023-11-20 07:50:00,149.05228571428572,149.17860714285715,149.051,-1.0,2023-11-20 07:55:00
134,sell,short,148.259,2023-11-21 01:25:00,148.31342857142855,148.16828571428573,,,
135,stop_loss,short,148.259,2023-11-21 01:35:00,148.31342857142855,148.16828571428573,148.342,-1.0,2023-11-21 01:40:00
136,buy,long,148.615,2023-11-28 11:25:00,148.50935714285714,148.79107142857143,,,
137,stop_loss,long,148.615,2023-11-28 12:45:00,148.61785714285716,148.79107142857143,148.597,-1.0,2023-11-28 12:50:00
138,sell,short,148.352,2023-11-28 14:30:00,148.45142857142858,148.1862857142857,,,
139,stop_loss,short,148.352,2023-11-28 14:40:00,148.45142857142858,148.1862857142857,148.532,-1.0,2023-11-28 14:45:00
140,buy,long,148.287,2023-11-30 22:40:00,148.22410714285715,148.39182142857143,,,
141,stop_loss,long,148.287,2023-11-30 22:50:00,148.22410714285715,148.39182142857143,148.217,-1.0,2023-11-30 22:55:00
142,buy,long,147.195,2023-12-04 19:20:00,147.07489285714286,147.39517857142857,,,
143,take_profit,long,147.195,2023-12-04 20:15:00,147.30735714285714,147.39517857142857,147.424,1.5,2023-12-04 20:20:00
144,buy,long,147.266,2023-12-06 11:35:00,147.16335714285714,147.43707142857141,,,
145,stop_loss,long,147.266,2023-12-06 12:25:00,147.3355,147.43707142857141,147.331,-1.0,2023-12-06 12:30:00
146,buy,long,142.79,2023-12-14 01:50:00,142.54153571428571,143.20410714285714,,,
147,stop_loss,long,142.79,2023-12-14 02:20:00,142.54153571428571,143.20410714285714,142.443,-1.0,2023-12-14 02:25:00
148,sell,short,143.557,2023-12-20 23:45:00,143.6368214285714,143.42396428571425,,,
149,stop_loss,short,143.557,2023-12-20 23:55:00,143.4865,143.42396428571425,143.512,-1.0,2023-12-21 00:00:00
150,sell,short,141.97,2023-12-22 14:25:00,142.06439285714285,141.81267857142856,,,
151,stop_loss,short,141.97,2023-12-22 14:35:00,142.06439285714285,141.81267857142856,142.087,-1.0,2023-12-22 14:40:00
152,sell,short,142.466,2023-12-26 19:50:00,142.50960714285713,142.39332142857145,,,
153,stop_loss,short,142.466,2023-12-26 20:05:00,142.42885714285714,142.39332142857145,142.436,-1.0,2023-12-26 20:10:00
154,sell,short,142.424,2023-12-26 20:30:00,142.47135714285716,142.34507142857143,,,
155,stop_loss,short,142.424,2023-12-26 20:30:00,142.47135714285716,142.34507142857143,142.495,-1.0,2023-12-26 20:35:00
156,buy,long,149.681,2023-10-18 10:20:00,149.63675,149.75475,,,
157,take_profit,long,149.681,2023-10-18 10:55:00,149.72314285714288,149.75475,149.766,1.5,2023-10-18 11:00:00
158,sell,short,149.744,2023-10-19 04:15:00,149.80957142857142,149.6347142857143,,,
159,buy,long,149.807,2023-10-19 05:05:00,149.75760714285713,149.8893214285714,,,
160,stop_loss,long,149.807,2023-10-19 08:50:00,149.75760714285713,149.8893214285714,149.746,-1.0,2023-10-19 08:55:00
161,sell,short,149.759,2023-10-19 20:55:00,149.84760714285713,149.61132142857142,,,
162,stop_loss,short,149.759,2023-10-20 00:40:00,149.75578571428574,149.61132142857142,149.763,-1.0,2023-10-20 00:45:00
163,buy,long,149.871,2023-10-20 09:20:00,149.84335714285714,149.91707142857143,,,
164,take_profit,long,149.871,2023-10-20 09:25:00,149.88799999999998,149.91707142857143,149.928,1.5,2023-10-20 09:30:00
165,sell,short,149.845,2023-10-20 18:45:00,149.90017857142857,149.75303571428572,,,
166,stop_loss,short,149.845,2023-10-20 19:40:00,149.8377857142857,149.75303571428572,149.842,-1.0,2023-10-20 19:45:00
167,buy,long,149.866,2023-10-20 22:25:00,149.83750000000003,149.9135,,,
168,stop_loss,long,149.866,2023-10-20 22:50:00,149.83750000000003,149.9135,149.829,-1.0,2023-10-20 22:55:00
169,buy,long,149.925,2023-10-23 12:30:00,149.8974642857143,149.97089285714287,,,
170,take_profit,long,149.925,2023-10-23 12:45:00,149.94278571428572,149.97089285714287,149.972,1.5,2023-10-23 12:50:00
171,sell,short,149.703,2023-10-23 19:50:00,149.74403571428573,149.63460714285713,,,
172,stop_loss,short,149.703,2023-10-23 19:50:00,149.69335714285714,149.63460714285713,149.696,-1.0,2023-10-23 19:55:00
173,buy,long,149.747,2023-10-24 14:55:00,149.70200000000003,149.822,,,
174,stop_loss,long,149.747,2023-10-24 15:10:00,149.774,149.822,149.771,-1.0,2023-10-24 15:15:00
175,sell,short,149.774,2023-10-24 19:35:00,149.81792857142855,149.70078571428573,,,
176,stop_loss,short,149.774,2023-10-24 20:30:00,149.81792857142855,149.70078571428573,149.82,-1.0,2023-10-24 20:35:00
177,buy,long,149.879,2023-10-24 22:10:00,149.85617857142856,149.9170357142857,,,
178,stop_loss,long,149.879,2023-10-24 23:30:00,149.88635714285715,149.9170357142857,149.88,-1.0,2023-10-24 23:35:00
179,sell,short,149.846,2023-10-25 02:30:00,149.8627142857143,149.81814285714285,,,
180,stop_loss,short,149.846,2023-10-25 03:00:00,149.8327142857143,149.81814285714285,149.84,-1.0,2023-10-25 03:05:00
181,sell,short,149.897,2023-10-25 17:35:00,149.9354642857143,149.83289285714284,,,
182,stop_loss,short,149.897,2023-10-25 17:50:00,149.9354642857143,149.83289285714284,149.953,-1.0,2023-10-25 17:55:00
183,buy,long,149.953,2023-10-25 18:00:00,149.9125,150.0205,,,
184,stop_loss,long,149.953,2023-10-25 18:00:00,149.9125,150.0205,149.908,-1.0,2023-10-25 18:05:00
185,sell,short,150.098,2023-10-26 02:45:00,150.13625000000002,150.03425000000001,,,
186,stop_loss,short,150.098,2023-10-26 03:05:00,150.08985714285714,150.03425000000001,150.093,-1.0,2023-10-26 03:10:00
187,buy,long,150.252,2023-10-26 04:40:00,150.17828571428572,150.37485714285717,,,
188,take_profit,long,150.252,2023-10-26 05:05:00,150.2617857142857,150.37485714285717,150.378,1.5,2023-10-26 05:10:00
189,sell,short,150.422,2023-10-26 10:05:00,150.61860714285714,150.09432142857142,,,
190,stop_loss,short,150.422,2023-10-26 12:35:00,150.30935714285712,150.09432142857142,150.314,-1.0,2023-10-26 12:40:00
191,buy,long,150.339,2023-10-26 17:05:00,150.24160714285713,150.50132142857143,,,
192,stop_loss,long,150.339,2023-10-26 17:40:00,150.3422857142857,150.50132142857143,150.336,-1.0,2023-10-26 17:45:00
193,stop_loss,short,150.123,2023-10-27 10:00:00,150.19382142857143,150.0049642857143,150.202,-1.0,2023-10-27 10:05:00
194,sell,short,150.015,2023-10-27 15:00:00,150.06214285714285,149.93642857142854,,,
195,stop_loss,short,150.015,2023-10-27 15:00:00,149.98542857142857,149.93642857142854,149.987,-1.0,2023-10-27 15:05:00
196,buy,long,149.715,2023-10-30 02:45:00,149.66035714285715,149.8060714285714,,,
197,stop_loss,long,149.715,2023-10-30 02:55:00,149.7507857142857,149.8060714285714,149.716,-1.0,2023-10-30 03:00:00
198,sell,short,149.539,2023-10-30 08:40:00,149.57607142857142,149.47721428571427,,,
199,take_profit,short,149.539,2023-10-30 08:40:00,149.51671428571427,149.47721428571427,149.436,1.5,2023-10-30 08:45:00
200,buy,long,150.707,2023-10-31 13:45:00,150.66114285714283,150.78342857142857,,,
201,stop_loss,long,150.707,2023-10-31 14:00:00,150.66114285714283,150.78342857142857,150.643,-1.0,2023-10-31 14:05:00
202,buy,long,151.089,2023-10-31 16:30:00,150.95967857142858,151.30453571428572,,,
203,take_profit,long,151.089,2023-10-31 17:10:00,151.20371428571428,151.30453571428572,151.305,1.5,2023-10-31 17:15:00
204,sell,short,151.233,2023-11-01 09:10:00,151.28625,151.14425,,,
205,stop_loss,short,151.233,2023-11-01 09:30:00,151.28625,151.14425,151.297,-1.0,2023-11-01 09:35:00
206,sell,short,151.164,2023-11-01 16:00:00,151.2767142857143,150.97614285714283,,,
207,take_profit,short,151.164,2023-11-01 16:10:00,151.16299999999998,150.97614285714283,150.963,1.5,2023-11-01 16:15:00
208,buy,long,151.064,2023-11-01 20:05:00,150.97432142857141,151.21346428571428,,,
209,stop_loss,long,151.064,2023-11-01 20:20:00,151.08464285714285,151.21346428571428,150.951,-1.0,2023-11-01 20:25:00
210,sell,short,150.903,2023-11-01 21:05:00,151.08792857142856,150.5947857142857,,,
211,stop_loss,short,150.903,2023-11-01 21:35:00,150.80621428571428,150.5947857142857,150.815,-1.0,2023-11-01 21:40:00
212,sell,short,150.855,2023-11-02 00:20:00,150.88767857142855,150.8005357142857,,,
213,take_profit,short,150.855,2023-11-02 00:25:00,150.83457142857142,150.8005357142857,150.777,1.5,2023-11-02 00:30:00
214,buy,long,150.474,2023-11-03 01:20:00,150.44839285714284,150.51667857142854,,,
215,stop_loss,long,150.474,2023-11-03 01:50:00,150.48107142857143,150.51667857142854,150.475,-1.0,2023-11-03 01:55:00
216,sell,short,150.416,2023-11-03 04:00:00,150.46657142857143,150.3317142857143,,,
217,stop_loss,short,150.416,2023-11-03 04:35:00,150.37135714285714,150.3317142857143,150.395,-1.0,2023-11-03 04:40:00
218,buy,long,149.665,2023-11-03 16:20:00,149.45982142857142,150.00696428571428,,,
219,stop_loss,long,149.665,2023-11-03 16:50:00,149.45982142857142,150.00696428571428,149.455,-1.0,2023-11-03 16:55:00
220,buy,long,150.65,2023-11-07 16:50:00,150.56975,150.78375,,,
221,stop_loss,long,150.65,2023-11-07 16:55:00,150.56975,150.78375,150.544,-1.0,2023-11-07 17:00:00
222,sell,short,150.481,2023-11-07 18:00:00,150.56285714285713,150.34457142857144,,,
223,stop_loss,short,150.481,2023-11-07 19:15:00,150.56285714285713,150.34457142857144,150.589,-1.0,2023-11-07 19:20:00
224,sell,short,150.73,2023-11-08 13:50:00,150.76674999999997,150.66875,,,
225,stop_loss,short,150.73,2023-11-08 13:50:00,150.76674999999997,150.66875,150.768,-1.0,2023-11-08 13:55:00
226,sell,short,150.857,2023-11-08 17:15:00,150.92835714285715,150.73807142857143,,,
227,stop_loss,short,150.857,2023-11-08 18:25:00,150.792,150.73807142857143,150.813,-1.0,2023-11-08 18:30:00
228,sell,short,151.261,2023-11-10 00:30:00,151.30642857142857,151.1852857142857,,,
229,stop_loss,short,151.261,2023-11-10 00:50:00,151.30642857142857,151.1852857142857,151.322,-1.0,2023-11-10 00:55:00
230,buy,long,151.877,2023-11-13 16:40:00,151.8352142857143,151.94664285714288,,,
231,stop_loss,long,151.877,2023-11-13 16:50:00,151.8352142857143,151.94664285714288,151.502,-1.0,2023-11-13 16:55:00
232,take_profit,short,151.502,2023-11-13 16:55:00,151.59757142857143,151.3427142857143,151.323,1.5,2023-11-13 17:00:00
233,sell,short,151.65,2023-11-14 06:30:00,151.67614285714285,151.60642857142858,,,
234,stop_loss,short,151.65,2023-11-14 06:50:00,151.67614285714285,151.60642857142858,151.684,-1.0,2023-11-14 06:55:00
235,sell,short,150.364,2023-11-15 12:20:00,150.45978571428572,150.20435714285713,,,
236,stop_loss,short,150.364,2023-11-15 12:35:00,150.45978571428572,150.20435714285713,150.46,-1.0,2023-11-15 12:40:00
237,sell,short,151.243,2023-11-16 06:55:00,151.285,151.17299999999997,,,
238,stop_loss,short,151.243,2023-11-16 07:10:00,151.285,151.17299999999997,151.289,-1.0,2023-11-16 07:15:00
239,buy,long,151.401,2023-11-16 10:10:00,151.35525,151.47725000000003,,,
240,stop_loss,long,151.401,2023-11-16 10:15:00,151.35525,151.47725000000003,151.346,-1.0,2023-11-16 10:20:00
241,sell,short,151.051,2023-11-16 15:20:00,151.10735714285713,150.9570714285714,,,
242,take_profit,short,151.051,2023-11-16 15:20:00,151.10735714285713,150.9570714285714,150.918,1.5,2023-11-16 15:25:00
243,sell,short,150.604,2023-11-17 03:25:00,150.6884285714286,150.46328571428572,,,
244,take_profit,short,150.604,2023-11-17 04:20:00,150.54128571428572,150.46328571428572,150.452,1.5,2023-11-17 04:25:00
245,buy,long,149.259,2023-11-22 16:45:00,149.10449999999997,149.51649999999998,,,
246,take_profit,long,149.259,2023-11-22 16:50:00,149.10449999999997,149.51649999999998,149.613,1.5,2023-11-22 16:55:00
247,sell,short,149.504,2023-11-24 16:55:00,149.59860714285713,149.3463214285714,,,
248,stop_loss,short,149.504,2023-11-24 19:00:00,149.59860714285713,149.3463214285714,149.603,-1.0,2023-11-24 19:05:00
249,sell,short,147.524,2023-11-28 18:40:00,147.7285357142857,147.18310714285715,,,
250,stop_loss,short,147.524,2023-11-28 19:25:00,147.45135714285715,147.18310714285715,147.491,-1.0,2023-11-28 19:30:00
251,sell,short,147.299,2023-11-29 19:05:00,147.42360714285715,147.09132142857143,,,
252,stop_loss,short,147.299,2023-11-29 19:55:00,147.24528571428573,147.09132142857143,147.279,-1.0,2023-11-29 20:00:00
253,sell,short,147.282,2023-12-04 22:00:00,147.33889285714287,147.18717857142857,,,
254,take_profit,short,147.282,2023-12-04 23:00:00,147.26414285714284,147.18717857142857,147.185,1.5,2023-12-04 23:05:00
255,buy,long,143.778,2023-12-08 06:20:00,143.53875,144.17675,,,
256,stop_loss,long,143.778,2023-12-08 08:00:00,143.89107142857142,144.17675,143.887,-1.0,2023-12-08 08:05:00
257,sell,short,142.183,2023-12-14 04:05:00,142.39739285714285,141.82567857142857,,,
258,take_profit,short,142.183,2023-12-14 04:50:00,141.95350000000002,141.82567857142857,141.811,1.5,2023-12-14 04:55:00
259,sell,short,141.554,2023-12-14 11:25:00,141.77417857142856,141.1870357142857,,,
260,stop_loss,short,141.554,2023-12-14 13:40:00,141.36914285714286,141.1870357142857,141.37,-1.0,2023-12-14 13:45:00
261,buy,long,142.027,2023-12-14 15:15:00,141.80949999999999,142.3895,,,
262,stop_loss,long,142.027,2023-12-14 15:15:00,141.80949999999999,142.3895,141.776,-1.0,2023-12-14 15:20:00
263,sell,short,149.635,2023-10-18 08:55:00,149.67046428571427,149.57589285714286,,,
264,stop_loss,short,149.635,2023-10-18 09:45:00,149.67046428571427,149.57589285714286,149.671,-1.0,2023-10-18 09:50:00
265,buy,long,149.681,2023-10-18 10:20:00,149.63675,149.75475,,,
266,take_profit,long,149.681,2023-10-18 10:55:00,149.72314285714288,149.75475,149.766,1.5,2023-10-18 11:00:00
267,buy,long,149.763,2023-10-18 12:20:00,149.71092857142858,149.84978571428573,,,
268,stop_loss,long,149.763,2023-10-18 13:30:00,149.71092857142858,149.84978571428573,149.681,-1.0,2023-10-18 13:35:00
269,buy,long,149.756,2023-10-18 15:45:00,149.70017857142858,149.84903571428572,,,
270,stop_loss,long,149.756,2023-10-18 16:30:00,149.70017857142858,149.84903571428572,149.693,-1.0,2023-10-18 16:35:00
271,buy,long,149.871,2023-10-18 19:15:00,149.82353571428573,149.95010714285715,,,
272,stop_loss,long,149.871,2023-10-18 19:25:00,149.82353571428573,149.95010714285715,149.819,-1.0,2023-10-18 19:30:00
273,sell,short,149.715,2023-10-19 03:05:00,149.7702857142857,149.62285714285716,,,
274,stop_loss,short,149.715,2023-10-19 03:15:00,149.7702857142857,149.62285714285716,149.778,-1.0,2023-10-19 03:20:00
275,buy,long,149.801,2023-10-19 06:15:00,149.77260714285714,149.8483214285714,,,
276,stop_loss,long,149.801,2023-10-19 07:00:00,149.77260714285714,149.8483214285714,149.769,-1.0,2023-10-19 07:05:00
277,sell,short,149.793,2023-10-19 07:40:00,149.8151785714286,149.75603571428573,,,
278,stop_loss,short,149.793,2023-10-19 07:45:00,149.78657142857142,149.75603571428573,149.799,-1.0,2023-10-19 07:50:00
279,sell,short,149.757,2023-10-19 10:00:00,149.802,149.68200000000002,,,
280,stop_loss,short,149.757,2023-10-19 11:10:00,149.802,149.68200000000002,149.83,-1.0,2023-10-19 11:15:00
281,sell,short,149.75,2023-10-20 00:05:00,149.78910714285715,149.68482142857144,,,
282,stop_loss,short,149.75,2023-10-20 01:10:00,149.78910714285715,149.68482142857144,149.79,-1.0,2023-10-20 01:15:00
283,buy,long,149.861,2023-10-20 07:30:00,149.83957142857142,149.8967142857143,,,
284,stop_loss,long,149.861,2023-10-20 08:10:00,149.86492857142855,149.8967142857143,149.853,-1.0,2023-10-20 08:15:00
285,buy,long,149.962,2023-10-23 14:05:00,149.92535714285714,150.02307142857143,,,
286,stop_loss,long,149.962,2023-10-23 14:35:00,149.92535714285714,150.02307142857143,149.907,-1.0,2023-10-23 14:40:00
287,buy,long,149.754,2023-10-24 03:30:00,149.7147857142857,149.81935714285711,,,
288,stop_loss,long,149.754,2023-10-24 03:45:00,149.7147857142857,149.81935714285711,149.67,-1.0,2023-10-24 03:50:00
289,sell,short,149.828,2023-10-24 19:00:00,149.86710714285715,149.76282142857144,,,
290,take_profit,short,149.828,2023-10-24 19:05:00,149.81092857142858,149.76282142857144,149.751,1.5,2023-10-24 19:10:00
291,sell,short,149.802,2023-10-25 06:05:00,149.83007142857142,149.75521428571426,,,
292,stop_loss,short,149.802,2023-10-25 06:25:00,149.83007142857142,149.75521428571426,149.832,-1.0,2023-10-25 06:30:00
293,sell,short,150.096,2023-10-27 11:20:00,150.14882142857144,150.0079642857143,,,
294,take_profit,short,150.096,2023-10-27 12:25:00,150.04049999999998,150.0079642857143,149.997,1.5,2023-10-27 12:30:00
295,sell,short,149.521,2023-10-27 20:25:00,149.56514285714283,149.44742857142856,,,
296,stop_loss,short,149.521,2023-10-27 20:35:00,149.56514285714283,149.44742857142856,149.566,-1.0,2023-10-27 20:40:00
297,sell,short,149.562,2023-10-30 06:30:00,149.59060714285715,149.51432142857144,,,
298,stop_loss,short,149.562,2023-10-30 06:45:00,149.54557142857144,149.51432142857144,149.549,-1.0,2023-10-30 06:50:00
299,buy,long,149.066,2023-10-30 21:25:00,149.02432142857143,149.13546428571428,,,
300,stop_loss,long,149.066,2023-10-30 21:40:00,149.07028571428572,149.13546428571428,149.067,-1.0,2023-10-30 21:45:00
301,buy,long,151.3,2023-10-31 17:05:00,151.1481785714286,151.55303571428573,,,
302,stop_loss,long,151.3,2023-10-31 17:50:00,151.43485714285714,151.55303571428573,151.344,-1.0,2023-10-31 17:55:00
303,sell,short,151.428,2023-10-31 19:35:00,151.6317857142857,151.08835714285715,,,
304,stop_loss,short,151.428,2023-10-31 22:20:00,151.6317857142857,151.08835714285715,151.65,-1.0,2023-10-31 22:25:00
305,take_profit,short,151.346,2023-11-01 00:55:00,151.42828571428572,151.20885714285714,151.191,1.5,2023-11-01 01:00:00
306,sell,short,151.223,2023-11-01 11:05:00,151.2946785714286,151.10353571428573,,,
307,stop_loss,short,151.223,2023-11-01 12:45:00,151.1632142857143,151.10353571428573,151.189,-1.0,2023-11-01 12:50:00
308,sell,short,149.356,2023-11-03 15:55:00,149.5375,149.05349999999999,,,
309,stop_loss,short,149.356,2023-11-03 15:55:00,149.5375,149.05349999999999,149.559,-1.0,2023-11-03 16:00:00
310,buy,long,149.665,2023-11-03 16:20:00,149.45982142857142,150.00696428571428,,,
311,stop_loss,long,149.665,2023-11-03 16:50:00,149.45982142857142,150.00696428571428,149.455,-1.0,2023-11-03 16:55:00
312,buy,long,149.363,2023-11-03 20:10:00,149.3042857142857,149.46085714285715,,,
313,stop_loss,long,149.363,2023-11-03 20:20:00,149.3042857142857,149.46085714285715,149.301,-1.0,2023-11-03 20:25:00
314,sell,short,149.729,2023-11-06 16:55:00,149.7929642857143,149.62239285714287,,,
315,stop_loss,short,149.729,2023-11-06 18:10:00,149.7929642857143,149.62239285714287,149.81,-1.0,2023-11-06 18:15:00
316,buy,long,150.718,2023-11-08 11:35:00,150.6645357142857,150.80710714285712,,,
317,stop_loss,long,150.718,2023-11-08 12:40:00,150.74935714285715,150.80710714285712,150.746,-1.0,2023-11-08 12:45:00
318,buy,long,151.007,2023-11-09 10:50:00,150.92385714285714,151.14557142857143,,,
319,take_profit,long,151.007,2023-11-09 12:15:00,151.05592857142858,151.14557142857143,151.151,1.5,2023-11-09 12:20:00
320,sell,short,150.901,2023-11-09 16:40:00,150.99550000000002,150.7435,,,
321,stop_loss,short,150.901,2023-11-09 18:15:00,150.99550000000002,150.7435,151.0,-1.0,2023-11-09 18:20:00
322,sell,short,151.509,2023-11-10 23:00:00,151.5372857142857,151.46185714285713,,,
323,take_profit,short,151.509,2023-11-10 23:50:00,151.50628571428572,151.46185714285713,151.42,1.5,2023-11-10 23:55:00
324,buy,long,151.747,2023-11-13 14:05:00,151.72107142857143,151.7902142857143,,,
325,stop_loss,long,151.747,2023-11-13 15:05:00,151.7615,151.7902142857143,151.726,-1.0,2023-11-13 15:10:00
326,sell,short,151.709,2023-11-14 05:15:00,151.73803571428573,151.66060714285715,,,
327,take_profit,short,151.709,2023-11-14 06:15:00,151.68021428571427,151.66060714285715,151.655,1.5,2023-11-14 06:20:00
328,sell,short,150.775,2023-11-14 16:55:00,150.95864285714288,150.46892857142856,,,
329,stop_loss,short,150.775,2023-11-14 20:40:00,150.5267857142857,150.46892857142856,150.544,-1.0,2023-11-14 20:45:00
330,sell,short,150.329,2023-11-15 11:35:00,150.4214642857143,150.17489285714288,,,
331,stop_loss,short,150.329,2023-11-15 11:35:00,150.4214642857143,150.17489285714288,150.435,-1.0,2023-11-15 11:40:00
332,buy,long,149.678,2023-11-17 22:55:00,149.64017857142858,149.74103571428572,,,
333,stop_loss,long,149.678,2023-11-17 23:30:00,149.64017857142858,149.74103571428572,149.633,-1.0,2023-11-17 23:35:00
334,sell,short,148.178,2023-11-20 20:15:00,148.271,148.023,,,
335,stop_loss,short,148.178,2023-11-20 20:25:00,148.271,148.023,148.312,-1.0,2023-11-20 20:30:00
336,buy,long,149.259,2023-11-22 16:45:00,149.10449999999997,149.51649999999998,,,
337,take_profit,long,149.259,2023-11-22 16:50:00,149.10449999999997,149.51649999999998,149.613,1.5,2023-11-22 16:55:00
338,buy,long,149.627,2023-11-22 19:45:00,149.55842857142858,149.7412857142857,,,
339,stop_loss,long,149.627,2023-11-22 20:50:00,149.655,149.7412857142857,149.629,-1.0,2023-11-22 20:55:00
340,sell,short,149.472,2023-11-24 20:10:00,149.50885714285715,149.41057142857142,,,
341,stop_loss,short,149.472,2023-11-24 21:45:00,149.45742857142858,149.41057142857142,149.47,-1.0,2023-11-24 21:50:00
342,sell,short,148.113,2023-11-28 03:00:00,148.22528571428572,147.92585714285715,,,
343,stop_loss,short,148.113,2023-11-28 03:15:00,148.22528571428572,147.92585714285715,148.321,-1.0,2023-11-28 03:20:00
344,sell,short,147.381,2023-11-29 17:55:00,147.58864285714287,147.03492857142857,,,
345,stop_loss,short,147.381,2023-11-29 19:55:00,147.24528571428573,147.03492857142857,147.279,-1.0,2023-11-29 20:00:00
346,buy,long,148.001,2023-12-01 05:40:00,147.91507142857145,148.14421428571427,,,
347,stop_loss,long,148.001,2023-12-01 06:10:00,148.0737142857143,148.14421428571427,148.055,-1.0,2023-12-01 06:15:00
348,sell,short,147.543,2023-12-01 17:10:00,147.71710714285715,147.25282142857145,,,
349,stop_loss,short,147.543,2023-12-01 17:25:00,147.4927857142857,147.25282142857145,147.518,-1.0,2023-12-01 17:30:00
350,buy,long,146.206,2023-12-11 12:45:00,146.10014285714286,146.38242857142856,,,
351,take_profit,long,146.206,2023-12-11 14:15:00,146.2182857142857,146.38242857142856,146.443,1.5,2023-12-11 14:20:00
352,sell,short,146.158,2023-12-11 23:15:00,146.20471428571426,146.08014285714285,,,
353,stop_loss,short,146.158,2023-12-11 23:30:00,146.14528571428573,146.08014285714285,146.158,-1.0,2023-12-11 23:35:00
354,buy,long,142.802,2023-12-14 02:00:00,142.57185714285714,143.18557142857142,,,
355,stop_loss,long,142.802,2023-12-14 02:20:00,142.57185714285714,143.18557142857142,142.443,-1.0,2023-12-14 02:25:00
356,sell,short,141.974,2023-12-22 02:30:00,142.09035714285713,141.7800714285714,,,
357,stop_loss,short,141.974,2023-12-22 02:40:00,142.09035714285713,141.7800714285714,142.208,-1.0,2023-12-22 02:45:00
358,sell,short,142.547,2023-12-27 15:40:00,142.61385714285714,142.43557142857142,,,
359,stop_loss,short,142.547,2023-12-27 16:15:00,142.5039285714286,142.43557142857142,142.519,-1.0,2023-12-27 16:20:00
360,sell,short,149.72,2023-10-18 12:55:00,149.77367857142858,149.6305357142857,,,
361,stop_loss,short,149.72,2023-10-18 15:20:00,149.66128571428573,149.6305357142857,149.692,-1.0,2023-10-18 15:25:00
362,sell,short,149.689,2023-10-18 17:00:00,149.73142857142855,149.61828571428572,,,
363,stop_loss,short,149.689,2023-10-18 17:10:00,149.73142857142855,149.61828571428572,149.744,-1.0,2023-10-18 17:15:00
364,buy,long,149.871,2023-10-18 19:15:00,149.82353571428573,149.95010714285715,,,
365,stop_loss,long,149.871,2023-10-18 19:25:00,149.82353571428573,149.95010714285715,149.819,-1.0,2023-10-18 19:30:00
366,sell,short,149.729,2023-10-18 20:30:00,149.78417857142858,149.63703571428573,,,
367,stop_loss,short,149.729,2023-10-18 20:50:00,149.78417857142858,149.63703571428573,149.785,-1.0,2023-10-18 20:55:00
368,buy,long,149.912,2023-10-18 23:25:00,149.88157142857142,149.9627142857143,,,
369,stop_loss,long,149.912,2023-10-18 23:50:00,149.88157142857142,149.9627142857143,149.847,-1.0,2023-10-18 23:55:00
370,sell,short,149.77,2023-10-19 03:40:00,149.84607142857143,149.64321428571432,,,
371,buy,long,149.813,2023-10-19 05:25:00,149.76917857142857,149.8860357142857,,,
372,stop_loss,long,149.813,2023-10-19 07:00:00,149.76917857142857,149.8860357142857,149.769,-1.0,2023-10-19 07:05:00
373,sell,short,149.793,2023-10-19 07:40:00,149.8151785714286,149.75603571428573,,,
374,stop_loss,short,149.793,2023-10-19 07:45:00,149.78657142857142,149.75603571428573,149.799,-1.0,2023-10-19 07:50:00
375,sell,short,149.748,2023-10-19 10:25:00,149.79,149.678,,,
376,stop_loss,short,149.748,2023-10-19 10:45:00,149.79,149.678,149.791,-1.0,2023-10-19 10:50:00
377,buy,long,149.876,2023-10-19 19:40:00,149.7497857142857,150.08635714285717,,,
378,stop_loss,long,149.876,2023-10-19 19:40:00,149.7497857142857,150.08635714285717,149.747,-1.0,2023-10-19 19:45:00
379,sell,short,149.766,2023-10-19 23:55:00,149.7984642857143,149.71189285714286,,,
380,stop_loss,short,149.766,2023-10-20 00:40:00,149.75578571428574,149.71189285714286,149.763,-1.0,2023-10-20 00:45:00
381,buy,long,149.969,2023-10-20 15:25:00,149.93589285714285,150.0241785714286,,,
382,stop_loss,long,149.969,2023-10-20 15:30:00,149.93589285714285,150.0241785714286,149.935,-1.0,2023-10-20 15:35:00
383,sell,short,149.845,2023-10-20 23:40:00,149.86717857142858,149.80803571428572,,,
384,stop_loss,short,149.845,2023-10-20 23:50:00,149.83792857142856,149.80803571428572,149.846,-1.0,2023-10-20 23:55:00
385,sell,short,149.743,2023-10-23 19:35:00,149.7892857142857,149.66585714285713,,,
386,stop_loss,short,149.743,2023-10-23 19:50:00,149.69335714285714,149.66585714285713,149.696,-1.0,2023-10-23 19:55:00
387,buy,long,149.64,2023-10-24 00:05:00,149.59982142857143,149.70696428571426,,,
388,stop_loss,long,149.64,2023-10-24 01:10:00,149.65278571428573,149.70696428571426,149.652,-1.0,2023-10-24 01:15:00
389,sell,short,149.827,2023-10-25 05:10:00,149.85464285714286,149.78092857142857,,,
390,stop_loss,short,149.827,2023-10-25 06:00:00,149.80514285714284,149.78092857142857,149.813,-1.0,2023-10-25 06:05:00
391,sell,short,149.909,2023-10-27 15:30:00,149.99032142857143,149.77346428571428,,,
392,stop_loss,short,149.909,2023-10-27 15:45:00,149.84335714285714,149.77346428571428,149.863,-1.0,2023-10-27 15:50:00
393,buy,long,149.679,2023-10-30 01:10:00,149.63582142857143,149.75096428571428,,,
394,stop_loss,long,149.679,2023-10-30 01:35:00,149.7125,149.75096428571428,149.691,-1.0,2023-10-30 01:40:00
395,buy,long,150.27,2023-10-31 09:55:00,150.16039285714285,150.45267857142858,,,
396,take_profit,long,150.27,2023-10-31 11:10:00,150.35471428571427,150.45267857142858,150.475,1.5,2023-10-31 11:15:00
397,buy,long,150.692,2023-10-31 13:20:00,150.63842857142856,150.78128571428573,,,
398,stop_loss,long,150.692,2023-10-31 13:50:00,150.6974285714286,150.78128571428573,150.687,-1.0,2023-10-31 13:55:00
399,buy,long,151.529,2023-10-31 21:20:00,151.4695357142857,151.62810714285715,,,
400,take_profit,long,151.529,2023-10-31 22:20:00,151.58200000000002,151.62810714285715,151.65,1.5,2023-10-31 22:25:00
401,buy,long,151.223,2023-11-01 13:55:00,151.16707142857143,151.3162142857143,,,
402,stop_loss,long,151.223,2023-11-01 14:20:00,151.16707142857143,151.3162142857143,151.098,-1.0,2023-11-01 14:25:00
403,sell,short,150.281,2023-11-03 06:15:00,150.30489285714287,150.24117857142858,,,
404,stop_loss,short,150.281,2023-11-03 07:10:00,150.30489285714287,150.24117857142858,150.305,-1.0,2023-11-03 07:15:00
405,sell,short,149.559,2023-11-03 14:35:00,149.69185714285715,149.33757142857144,,,
406,take_profit,short,149.559,2023-11-03 14:35:00,149.50957142857143,149.33757142857144,149.302,1.5,2023-11-03 14:40:00
407,buy,long,150.407,2023-11-07 22:30:00,150.36350000000002,150.4795,,,
408,stop_loss,long,150.407,2023-11-07 23:00:00,150.41907142857144,150.4795,150.419,-1.0,2023-11-07 23:05:00
409,buy,long,150.677,2023-11-08 10:15:00,150.6095,150.78949999999998,,,
410,stop_loss,long,150.677,2023-11-08 11:20:00,150.72128571428573,150.78949999999998,150.717,-1.0,2023-11-08 11:25:00
411,sell,short,150.822,2023-11-08 18:05:00,150.89357142857145,150.70271428571428,,,
412,stop_loss,short,150.822,2023-11-08 18:25:00,150.792,150.70271428571428,150.813,-1.0,2023-11-08 18:30:00
413,buy,long,151.036,2023-11-09 18:55:00,150.99110714285715,151.11082142857143,,,
414,stop_loss,long,151.036,2023-11-09 18:55:00,150.99110714285715,151.11082142857143,150.981,-1.0,2023-11-09 19:00:00
415,sell,short,151.521,2023-11-13 19:35:00,151.57285714285712,151.43457142857142,,,
416,stop_loss,short,151.521,2023-11-13 19:35:00,151.57285714285712,151.43457142857142,151.59,-1.0,2023-11-13 19:40:00
417,sell,short,151.682,2023-11-14 14:55:00,151.71264285714287,151.63092857142854,,,
418,take_profit,short,151.682,2023-11-14 15:20:00,151.66292857142858,151.63092857142854,151.199,1.5,2023-11-14 15:25:00
419,sell,short,150.564,2023-11-15 06:00:00,150.61457142857142,150.47971428571427,,,
420,stop_loss,short,150.564,2023-11-15 06:45:00,150.54421428571428,150.47971428571427,150.553,-1.0,2023-11-15 06:50:00
421,sell,short,151.252,2023-11-16 00:50:00,151.3285,151.1245,,,
422,stop_loss,short,151.252,2023-11-16 01:50:00,151.22207142857144,151.1245,151.245,-1.0,2023-11-16 01:55:00
423,sell,short,149.0,2023-11-20 05:30:00,149.18225,148.69625,,,
424,stop_loss,short,149.0,2023-11-20 06:15:00,148.8104285714286,148.69625,148.853,-1.0,2023-11-20 06:20:00
425,sell,short,148.973,2023-11-27 06:40:00,149.06685714285715,148.81657142857145,,,
426,stop_loss,short,148.973,2023-11-27 07:25:00,149.06685714285715,148.81657142857145,149.085,-1.0,2023-11-27 07:30:00
427,sell,short,148.153,2023-11-28 17:20:00,148.33010714285714,147.8578214285714,,,
428,take_profit,short,148.153,2023-11-28 17:30:00,148.00278571428572,147.8578214285714,147.814,1.5,2023-11-28 17:35:00
429,buy,long,147.267,2023-11-29 09:50:00,147.1385357142857,147.48110714285716,,,
430,stop_loss,long,147.267,2023-11-29 10:25:00,147.36114285714285,147.48110714285716,147.341,-1.0,2023-11-29 10:30:00
431,sell,short,147.026,2023-12-01 18:35:00,147.26932142857143,146.6204642857143,,,
432,stop_loss,short,147.026,2023-12-01 20:10:00,146.778,146.6204642857143,146.78,-1.0,2023-12-01 20:15:00
433,sell,short,147.156,2023-12-05 05:55:00,147.22114285714287,147.04742857142858,,,
434,stop_loss,short,147.156,2023-12-05 06:35:00,147.0959285714286,147.04742857142858,147.103,-1.0,2023-12-05 06:40:00
435,sell,short,147.14,2023-12-05 23:35:00,147.1855357142857,147.06410714285713,,,
436,take_profit,short,147.14,2023-12-05 23:55:00,147.1182142857143,147.06410714285713,147.064,1.5,2023-12-06 00:00:00
437,sell,short,145.079,2023-12-07 11:40:00,145.29628571428574,144.71685714285712,,,
438,take_profit,short,145.079,2023-12-07 12:00:00,144.94635714285715,144.71685714285712,144.631,1.5,2023-12-07 12:05:00
439,buy,long,143.785,2023-12-08 06:00:00,143.54832142857143,144.1794642857143,,,
440,stop_loss,long,143.785,2023-12-08 08:00:00,143.89107142857142,144.1794642857143,143.887,-1.0,2023-12-08 08:05:00
441,sell,short,145.457,2023-12-12 23:45:00,145.50275,145.38074999999998,,,
442,stop_loss,short,145.457,2023-12-13 00:50:00,145.43135714285714,145.38074999999998,145.449,-1.0,2023-12-13 00:55:00
443,sell,short,141.658,2023-12-14 11:10:00,141.88417857142855,141.2810357142857,,,
444,stop_loss,short,141.658,2023-12-14 11:50:00,141.55685714285713,141.2810357142857,141.707,-1.0,2023-12-14 11:55:00
445,sell,short,142.895,2023-12-18 22:25:00,142.94578571428573,142.81035714285716,,,
446,take_profit,short,142.895,2023-12-18 23:35:00,142.85571428571427,142.81035714285716,142.799,1.5,2023-12-18 23:40:00
447,buy,long,142.248,2023-12-22 03:35:00,142.09017857142857,142.5110357142857,,,
448,stop_loss,long,142.248,2023-12-22 05:05:00,142.41257142857143,142.5110357142857,142.404,-1.0,2023-12-22 05:10:00
449,sell,short,142.561,2023-12-27 07:50:00,142.61392857142857,142.47278571428572,,,
450,stop_loss,short,142.561,2023-12-27 08:05:00,142.61392857142857,142.47278571428572,142.647,-1.0,2023-12-27 08:10:00
451,sell,short,141.283,2023-12-29 17:10:00,141.42999999999998,141.03799999999998,,,
452,take_profit,short,141.283,2023-12-29 17:45:00,141.42999999999998,141.03799999999998,140.985,1.5,2023-12-29 17:50:00
453,buy,long,149.763,2023-10-18 11:20:00,149.72978571428573,149.81835714285714,,,
454,stop_loss,long,149.763,2023-10-18 11:20:00,149.72978571428573,149.81835714285714,149.723,-1.0,2023-10-18 11:25:00
455,sell,short,149.718,2023-10-18 13:30:00,149.75475,149.65675,,,
456,take_profit,short,149.718,2023-10-18 14:40:00,149.68285714285713,149.65675,149.645,1.5,2023-10-18 14:45:00
457,sell,short,149.773,2023-10-18 20:55:00,149.82925,149.67925000000002,,,
458,stop_loss,short,149.773,2023-10-18 21:05:00,149.82925,149.67925000000002,149.833,-1.0,2023-10-18 21:10:00
459,sell,short,149.746,2023-10-19 03:00:00,149.79335714285716,149.66707142857143,,,
460,stop_loss,short,149.746,2023-10-19 04:25:00,149.79335714285716,149.66707142857143,149.799,-1.0,2023-10-19 04:30:00
461,buy,long,149.8,2023-10-19 08:05:00,149.77525,149.84125,,,
462,stop_loss,long,149.8,2023-10-19 08:45:00,149.77525,149.84125,149.77,-1.0,2023-10-19 08:50:00
463,buy,long,149.822,2023-10-19 16:25:00,149.76564285714286,149.9159285714286,,,
464,take_profit,long,149.822,2023-10-19 17:50:00,149.88207142857144,149.9159285714286,149.919,1.5,2023-10-19 17:55:00
465,sell,short,149.753,2023-10-20 00:30:00,149.7925357142857,149.68710714285712,,,
466,stop_loss,short,149.753,2023-10-20 01:30:00,149.7925357142857,149.68710714285712,149.801,-1.0,2023-10-20 01:35:00
467,sell,short,149.825,2023-10-20 06:00:00,149.85842857142856,149.7692857142857,,,
468,stop_loss,short,149.825,2023-10-20 07:10:00,149.85842857142856,149.7692857142857,149.862,-1.0,2023-10-20 07:15:00
469,buy,long,149.862,2023-10-20 09:10:00,149.83521428571427,149.90664285714286,,,
470,take_profit,long,149.862,2023-10-20 09:20:00,149.88757142857142,149.90664285714286,149.908,1.5,2023-10-20 09:25:00
471,buy,long,149.927,2023-10-20 12:35:00,149.87342857142855,150.01628571428571,,,
472,stop_loss,long,149.927,2023-10-20 14:55:00,149.92792857142857,150.01628571428571,149.92,-1.0,2023-10-20 15:00:00
473,sell,short,149.824,2023-10-20 23:15:00,149.84853571428573,149.78310714285715,,,
474,stop_loss,short,149.824,2023-10-20 23:20:00,149.84853571428573,149.78310714285715,149.852,-1.0,2023-10-20 23:25:00
475,buy,long,149.925,2023-10-23 07:50:00,149.9072142857143,149.95464285714286,,,
476,stop_loss,long,149.925,2023-10-23 09:30:00,149.9072142857143,149.95464285714286,149.9,-1.0,2023-10-23 09:35:00
477,sell,short,149.867,2023-10-23 11:10:00,149.90117857142857,149.8100357142857,,,
478,stop_loss,short,149.867,2023-10-23 11:35:00,149.90117857142857,149.8100357142857,149.905,-1.0,2023-10-23 11:40:00
479,buy,long,149.972,2023-10-23 13:10:00,149.9317142857143,150.03914285714285,,,
480,stop_loss,long,149.972,2023-10-23 14:15:00,149.9317142857143,150.03914285714285,149.929,-1.0,2023-10-23 14:20:00
481,sell,short,149.831,2023-10-23 18:10:00,149.87042857142856,149.7652857142857,,,
482,take_profit,short,149.831,2023-10-23 18:35:00,149.79392857142858,149.7652857142857,149.748,1.5,2023-10-23 18:40:00
483,stop_loss,long,149.891,2023-10-24 23:50:00,149.8559642857143,149.94939285714284,149.847,-1.0,2023-10-24 23:55:00
484,buy,long,149.843,2023-10-25 07:45:00,149.82617857142856,149.87103571428568,,,
485,stop_loss,long,149.843,2023-10-25 08:15:00,149.82617857142856,149.87103571428568,149.822,-1.0,2023-10-25 08:20:00
486,sell,short,149.905,2023-10-25 17:25:00,149.94357142857143,149.84071428571428,,,
487,stop_loss,short,149.905,2023-10-25 17:50:00,149.94357142857143,149.84071428571428,149.953,-1.0,2023-10-25 17:55:00
488,buy,long,149.935,2023-10-25 19:00:00,149.90242857142857,149.98928571428573,,,
489,stop_loss,long,149.935,2023-10-25 19:55:00,149.9607857142857,149.98928571428573,149.959,-1.0,2023-10-25 20:00:00
490,buy,long,149.985,2023-10-25 21:10:00,149.90175000000002,150.12375000000003,,,
491,take_profit,long,149.985,2023-10-25 23:10:00,150.06057142857142,150.12375000000003,150.125,1.5,2023-10-25 23:15:00
492,buy,long,150.136,2023-10-26 00:30:00,150.04707142857143,150.28421428571428,,,
493,stop_loss,long,150.136,2023-10-26 02:00:00,150.14557142857143,150.28421428571428,150.143,-1.0,2023-10-26 02:05:00
494,buy,long,150.394,2023-10-26 14:35:00,150.3415,150.4815,,,
495,stop_loss,long,150.394,2023-10-26 15:05:00,150.3415,150.4815,150.33,-1.0,2023-10-26 15:10:00
496,sell,short,150.194,2023-10-26 16:10:00,150.30992857142854,150.0007857142857,,,
497,stop_loss,short,150.194,2023-10-26 16:45:00,150.17371428571428,150.0007857142857,150.241,-1.0,2023-10-26 16:50:00
498,sell,short,149.611,2023-10-30 04:25:00,149.65385714285713,149.5395714285714,,,
499,stop_loss,short,149.611,2023-10-30 05:10:00,149.5809285714286,149.5395714285714,149.614,-1.0,2023-10-30 05:15:00
500,buy,long,151.336,2023-11-01 07:05:00,151.2754642857143,151.43689285714288,,,
501,stop_loss,long,151.336,2023-11-01 07:50:00,151.2754642857143,151.43689285714288,151.256,-1.0,2023-11-01 07:55:00
502,buy,long,150.312,2023-11-02 17:00:00,150.20282142857144,150.4939642857143,,,
503,stop_loss,long,150.312,2023-11-02 17:30:00,150.38985714285715,150.4939642857143,150.387,-1.0,2023-11-02 17:35:00
504,sell,short,149.741,2023-11-06 17:15:00,149.8104285714286,149.62528571428572,,,
505,stop_loss,short,149.741,2023-11-06 18:00:00,149.7362857142857,149.62528571428572,149.748,-1.0,2023-11-06 18:05:00
506,sell,short,150.825,2023-11-08 16:45:00,150.89582142857142,150.70696428571426,,,
507,stop_loss,short,150.825,2023-11-08 17:15:00,150.89582142857142,150.70696428571426,150.898,-1.0,2023-11-08 17:20:00
508,sell,short,151.508,2023-11-10 23:05:00,151.53489285714286,151.46317857142859,,,
509,stop_loss,short,151.508,2023-11-10 23:30:00,151.53489285714286,151.46317857142859,151.537,-1.0,2023-11-10 23:35:00
510,buy,long,151.708,2023-11-14 03:00:00,151.64810714285713,151.80782142857143,,,
511,stop_loss,long,151.708,2023-11-14 04:05:00,151.70892857142857,151.80782142857143,151.698,-1.0,2023-11-14 04:10:00
512,sell,short,150.914,2023-11-14 15:40:00,151.03410714285712,150.7138214285714,,,
513,stop_loss,short,150.914,2023-11-14 16:15:00,150.90435714285712,150.7138214285714,150.961,-1.0,2023-11-14 16:20:00
514,sell,short,150.512,2023-11-14 20:30:00,150.57167857142858,150.41253571428572,,,
515,take_profit,short,150.512,2023-11-14 21:20:00,150.4697857142857,150.41253571428572,150.38,1.5,2023-11-14 21:25:00
516,sell,short,150.38,2023-11-14 21:30:00,150.43089285714285,150.29517857142858,,,
517,take_profit,short,150.38,2023-11-14 22:15:00,150.32164285714285,150.29517857142858,150.233,1.5,2023-11-14 22:20:00
518,buy,long,150.829,2023-11-15 16:05:00,150.63775,151.14775,,,
519,take_profit,long,150.829,2023-11-15 16:50:00,151.03878571428572,151.14775,151.198,1.5,2023-11-15 16:55:00
520,buy,long,151.401,2023-11-15 22:55:00,151.36553571428573,151.46010714285717,,,
521,stop_loss,long,151.401,2023-11-15 22:55:00,151.36553571428573,151.46010714285717,151.361,-1.0,2023-11-15 23:00:00
522,sell,short,151.258,2023-11-16 01:35:00,151.30075,151.18675000000002,,,
523,stop_loss,short,151.258,2023-11-16 01:50:00,151.22207142857144,151.18675000000002,151.245,-1.0,2023-11-16 01:55:00
524,sell,short,147.502,2023-11-21 16:40:00,147.6559642857143,147.24539285714286,,,
525,stop_loss,short,147.502,2023-11-21 17:00:00,147.6559642857143,147.24539285714286,147.665,-1.0,2023-11-21 17:05:00
526,sell,short,148.07,2023-11-22 01:05:00,148.14007142857142,147.95321428571427,,,
527,stop_loss,short,148.07,2023-11-22 01:15:00,148.0672142857143,147.95321428571427,148.077,-1.0,2023-11-22 01:20:00
528,buy,long,149.085,2023-11-23 09:30:00,148.99714285714285,149.23142857142858,,,
529,stop_loss,long,149.085,2023-11-23 10:05:00,149.15807142857142,149.23142857142858,149.149,-1.0,2023-11-23 10:10:00
530,sell,short,149.545,2023-11-24 00:15:00,149.57639285714285,149.49267857142854,,,
531,take_profit,short,149.545,2023-11-24 00:40:00,149.51657142857144,149.49267857142854,149.492,1.5,2023-11-24 00:45:00
532,buy,long,146.651,2023-12-04 05:45:00,146.55735714285714,146.80707142857142,,,
533,take_profit,long,146.651,2023-12-04 05:50:00,146.66214285714287,146.80707142857142,146.809,1.5,2023-12-04 05:55:00
534,sell,short,146.676,2023-12-04 08:10:00,146.7537857142857,146.54635714285712,,,
535,stop_loss,short,146.676,2023-12-04 08:30:00,146.63685714285717,146.54635714285712,146.661,-1.0,2023-12-04 08:35:00
536,sell,short,143.254,2023-12-07 19:55:00,143.7397857142857,142.44435714285714,,,
537,stop_loss,short,143.254,2023-12-07 22:50:00,143.7397857142857,142.44435714285714,143.74,-1.0,2023-12-07 22:55:00
538,buy,long,146.146,2023-12-12 01:20:00,146.10067857142855,146.2215357142857,,,
539,stop_loss,long,146.146,2023-12-12 01:45:00,146.10067857142855,146.2215357142857,146.039,-1.0,2023-12-12 01:50:00
540,sell,short,141.581,2023-12-14 17:00:00,141.83353571428572,141.16010714285713,,,
541,stop_loss,short,141.581,2023-12-14 17:20:00,141.83353571428572,141.16010714285713,142.002,-1.0,2023-12-14 17:25:00
542,buy,long,142.09,2023-12-14 17:40:00,141.86864285714287,142.45892857142857,,,
543,stop_loss,long,142.09,2023-12-14 17:40:00,141.86864285714287,142.45892857142857,141.798,-1.0,2023-12-14 17:45:00
544,sell,short,141.481,2023-12-15 17:15:00,141.70535714285714,141.1070714285714,,,
545,stop_loss,short,141.481,2023-12-15 17:45:00,141.70535714285714,141.1070714285714,141.733,-1.0,2023-12-15 17:50:00
546,sell,short,143.63,2023-12-20 23:10:00,143.73960714285715,143.44732142857143,,,
547,take_profit,short,143.63,2023-12-20 23:50:00,143.59314285714288,143.44732142857143,143.439,1.5,2023-12-20 23:55:00
548,buy,long,142.441,2023-12-26 12:10:00,142.3879642857143,142.52939285714285,,,
549,stop_loss,long,142.441,2023-12-26 12:30:00,142.3879642857143,142.52939285714285,142.374,-1.0,2023-12-26 12:35:00
550,sell,short,142.434,2023-12-26 19:15:00,142.4900357142857,142.34060714285715,,,
551,stop_loss,short,142.434,2023-12-26 20:05:00,142.42885714285714,142.34060714285715,142.436,-1.0,2023-12-26 20:10:00
552,buy,long,142.703,2023-12-27 02:55:00,142.57378571428572,142.91835714285716,,,
553,stop_loss,long,142.703,2023-12-27 04:15:00,142.57378571428572,142.91835714285716,142.551,-1.0,2023-12-27 04:20:00
554,sell,short,140.72,2023-12-28 09:15:00,140.84707142857144,140.5082142857143,,,
555,stop_loss,short,140.72,2023-12-28 09:30:00,140.84707142857144,140.5082142857143,140.88,-1.0,2023-12-28 09:35:00
556,buy,long,141.425,2023-12-29 02:15:00,141.32589285714286,141.5901785714286,,,
557,take_profit,long,141.425,2023-12-29 02:40:00,141.32589285714286,141.5901785714286,141.636,1.5,2023-12-29 02:45:00
558,buy,long,141.844,2023-12-29 15:50:00,141.71360714285714,142.06132142857143,,,
559,stop_loss,long,141.844,2023-12-29 16:05:00,141.71360714285714,142.06132142857143,141.672,-1.0,2023-12-29 16:10:00
560,sell,short,149.627,2023-10-18 09:10:00,149.66653571428571,149.56110714285717,,,
561,stop_loss,short,149.627,2023-10-18 09:25:00,149.66653571428571,149.56110714285717,149.668,-1.0,2023-10-18 09:30:00
562,buy,long,149.681,2023-10-18 10:20:00,149.63675,149.75475,,,
563,take_profit,long,149.681,2023-10-18 10:55:00,149.72314285714288,149.75475,149.766,1.5,2023-10-18 11:00:00
564,sell,short,149.633,2023-10-18 15:05:00,149.6762857142857,149.56085714285717,,,
565,stop_loss,short,149.633,2023-10-18 15:20:00,149.6762857142857,149.56085714285717,149.692,-1.0,2023-10-18 15:25:00
566,buy,long,149.854,2023-10-18 18:20:00,149.79003571428572,149.96060714285716,,,
567,stop_loss,long,149.854,2023-10-18 19:35:00,149.79003571428572,149.96060714285716,149.777,-1.0,2023-10-18 19:40:00
568,sell,short,149.81,2023-10-18 19:55:00,149.85403571428571,149.73660714285714,,,
569,take_profit,short,149.81,2023-10-18 20:00:00,149.78335714285714,149.73660714285714,149.735,1.5,2023-10-18 20:05:00
570,buy,long,149.869,2023-10-18 22:45:00,149.84242857142857,149.9132857142857,,,
571,take_profit,long,149.869,2023-10-18 23:35:00,149.8922142857143,149.9132857142857,149.921,1.5,2023-10-18 23:40:00
572,sell,short,149.82,2023-10-19 01:15:00,149.86617857142858,149.7430357142857,,,
573,take_profit,short,149.82,2023-10-19 02:55:00,149.76985714285715,149.7430357142857,149.715,1.5,2023-10-19 03:00:00
574,sell,short,149.77,2023-10-19 03:45:00,149.8474642857143,149.6408928571429,,,
575,buy,long,149.807,2023-10-19 05:05:00,149.75760714285713,149.8893214285714,,,
576,sell,short,149.77,2023-10-19 08:55:00,149.79989285714288,149.72017857142856,,,
577,stop_loss,short,149.77,2023-10-19 09:10:00,149.75964285714286,149.72017857142856,149.76,-1.0,2023-10-19 09:15:00
578,sell,short,149.748,2023-10-19 10:40:00,149.7895714285714,149.67871428571428,,,
579,stop_loss,short,149.748,2023-10-19 10:45:00,149.7895714285714,149.67871428571428,149.791,-1.0,2023-10-19 10:50:00
580,buy,long,149.876,2023-10-19 19:40:00,149.7497857142857,150.08635714285717,,,
581,stop_loss,long,149.876,2023-10-19 19:40:00,149.7497857142857,150.08635714285717,149.747,-1.0,2023-10-19 19:45:00
582,sell,short,149.829,2023-10-20 05:45:00,149.86360714285715,149.77132142857144,,,
583,stop_loss,short,149.829,2023-10-20 07:50:00,149.86360714285715,149.77132142857144,149.864,-1.0,2023-10-20 07:55:00
584,buy,long,149.88,2023-10-20 08:05:00,149.8562142857143,149.91964285714286,,,
585,stop_loss,long,149.88,2023-10-20 08:10:00,149.8562142857143,149.91964285714286,149.853,-1.0,2023-10-20 08:15:00
586,buy,long,149.943,2023-10-20 11:50:00,149.85417857142858,150.09103571428574,,,
587,stop_loss,long,149.943,2023-10-20 15:25:00,149.947,150.09103571428574,149.938,-1.0,2023-10-20 15:30:00
588,buy,long,149.863,2023-10-20 21:10:00,149.8147857142857,149.94335714285714,,,
589,stop_loss,long,149.863,2023-10-23 00:05:00,149.8147857142857,149.94335714285714,149.732,-1.0,2023-10-23 00:10:00
590,sell,short,149.929,2023-10-23 14:25:00,149.95375,149.88774999999998,,,
591,stop_loss,short,149.929,2023-10-23 14:50:00,149.9219285714286,149.88774999999998,149.937,-1.0,2023-10-23 14:55:00
592,sell,short,149.703,2023-10-23 19:50:00,149.74403571428573,149.63460714285713,,,
593,stop_loss,short,149.703,2023-10-23 19:50:00,149.69335714285714,149.63460714285713,149.696,-1.0,2023-10-23 19:55:00
594,buy,long,149.678,2023-10-24 08:25:00,149.6440357142857,149.73460714285713,,,
595,stop_loss,long,149.678,2023-10-24 08:30:00,149.7062857142857,149.73460714285713,149.704,-1.0,2023-10-24 08:35:00
596,buy,long,149.53,2023-10-24 11:50:00,149.45532142857144,149.65446428571428,,,
597,take_profit,long,149.53,2023-10-24 12:05:00,149.53735714285716,149.65446428571428,149.676,1.5,2023-10-24 12:10:00
598,sell,short,149.84,2023-10-25 00:50:00,149.87760714285716,149.77732142857144,,,
599,stop_loss,short,149.84,2023-10-25 03:00:00,149.8327142857143,149.77732142857144,149.84,-1.0,2023-10-25 03:05:00
600,buy,long,149.945,2023-10-25 19:45:00,149.92335714285713,149.98107142857143,,,
601,stop_loss,long,149.945,2023-10-25 19:55:00,149.9607857142857,149.98107142857143,149.959,-1.0,2023-10-25 20:00:00
602,buy,long,150.39,2023-10-26 18:15:00,150.30675,150.52875,,,
603,stop_loss,long,150.39,2023-10-26 18:40:00,150.42485714285715,150.52875,150.414,-1.0,2023-10-26 18:45:00
604,sell,short,150.282,2023-10-26 20:05:00,150.34285714285716,150.18057142857143,,,
605,stop_loss,short,150.282,2023-10-26 20:45:00,150.34285714285716,150.18057142857143,150.394,-1.0,2023-10-26 20:50:00
606,buy,long,150.397,2023-10-26 22:25:00,150.35199999999998,150.47199999999998,,,
607,stop_loss,long,150.397,2023-10-26 22:35:00,150.35199999999998,150.47199999999998,150.34,-1.0,2023-10-26 22:40:00
608,sell,short,150.123,2023-10-27 10:35:00,150.19799999999998,149.998,,,
609,stop_loss,short,150.123,2023-10-27 11:20:00,150.1092142857143,149.998,150.115,-1.0,2023-10-27 11:25:00
610,sell,short,149.612,2023-10-30 05:00:00,149.65099999999998,149.547,,,
611,stop_loss,short,149.612,2023-10-30 05:10:00,149.5809285714286,149.547,149.614,-1.0,2023-10-30 05:15:00
612,sell,short,149.561,2023-10-30 08:30:00,149.60032142857142,149.4954642857143,,,
613,take_profit,short,149.561,2023-10-30 08:35:00,149.60032142857142,149.4954642857143,149.492,1.5,2023-10-30 08:40:00
614,buy,long,149.768,2023-10-30 14:20:00,149.72032142857142,149.84746428571427,,,
615,stop_loss,long,149.768,2023-10-30 14:45:00,149.7909285714286,149.84746428571427,149.752,-1.0,2023-10-30 14:50:00
616,buy,long,150.73,2023-10-31 12:00:00,150.55085714285713,151.0285714285714,,,
617,stop_loss,long,150.73,2023-10-31 14:40:00,150.86542857142857,151.0285714285714,150.864,-1.0,2023-10-31 14:45:00
618,take_profit,short,151.346,2023-11-01 00:55:00,151.42828571428572,151.20885714285714,151.191,1.5,2023-11-01 01:00:00
619,sell,short,151.177,2023-11-01 04:50:00,151.23860714285712,151.0743214285714,,,
620,stop_loss,short,151.177,2023-11-01 05:50:00,151.23860714285712,151.0743214285714,151.249,-1.0,2023-11-01 05:55:00
621,sell,short,151.25,2023-11-01 09:20:00,151.30453571428572,151.15910714285715,,,
622,stop_loss,short,151.25,2023-11-01 09:35:00,151.30453571428572,151.15910714285715,151.376,-1.0,2023-11-01 09:40:00
623,sell,short,151.263,2023-11-01 10:45:00,151.33167857142857,151.1485357142857,,,
624,stop_loss,short,151.263,2023-11-01 11:30:00,151.25307142857145,151.1485357142857,151.281,-1.0,2023-11-01 11:35:00
625,sell,short,150.413,2023-11-02 23:10:00,150.45435714285716,150.34407142857145,,,
626,stop_loss,short,150.413,2023-11-03 00:05:00,150.45435714285716,150.34407142857145,150.461,-1.0,2023-11-03 00:10:00
627,sell,short,150.281,2023-11-03 06:15:00,150.30489285714287,150.24117857142858,,,
628,stop_loss,short,150.281,2023-11-03 07:10:00,150.30489285714287,150.24117857142858,150.305,-1.0,2023-11-03 07:15:00
629,sell,short,149.393,2023-11-03 17:20:00,149.52510714285714,149.1728214285714,,,
630,stop_loss,short,149.393,2023-11-03 18:40:00,149.30414285714286,149.1728214285714,149.324,-1.0,2023-11-03 18:45:00
631,sell,short,151.415,2023-11-10 15:15:00,151.45775,151.34375,,,
632,take_profit,short,151.415,2023-11-10 15:40:00,151.4122857142857,151.34375,151.331,1.5,2023-11-10 15:45:00
633,buy,long,151.557,2023-11-10 19:20:00,151.5195,151.6195,,,
634,stop_loss,long,151.557,2023-11-10 20:35:00,151.56135714285713,151.6195,151.545,-1.0,2023-11-10 20:40:00
635,sell,short,151.72,2023-11-13 09:20:00,151.75921428571428,151.65464285714285,,,
636,stop_loss,short,151.72,2023-11-13 09:40:00,151.6892857142857,151.65464285714285,151.719,-1.0,2023-11-13 09:45:00
637,sell,short,151.727,2023-11-13 12:30:00,151.76567857142857,151.66253571428572,,,
638,stop_loss,short,151.727,2023-11-13 13:20:00,151.716,151.66253571428572,151.725,-1.0,2023-11-13 13:25:00
639,sell,short,151.533,2023-11-13 18:35:00,151.62482142857144,151.37996428571427,,,
640,stop_loss,short,151.533,2023-11-13 19:45:00,151.62482142857144,151.37996428571427,151.626,-1.0,2023-11-13 19:50:00
641,sell,short,150.532,2023-11-15 05:45:00,150.58353571428572,150.44610714285716,,,
642,stop_loss,short,150.532,2023-11-15 06:55:00,150.58353571428572,150.44610714285716,150.588,-1.0,2023-11-15 07:00:00
643,buy,long,150.644,2023-11-15 07:30:00,150.59664285714285,150.72292857142858,,,
644,stop_loss,long,150.644,2023-11-15 08:10:00,150.64664285714287,150.72292857142858,150.646,-1.0,2023-11-15 08:15:00
645,sell,short,150.749,2023-11-16 16:35:00,150.91057142857142,150.4797142857143,,,
646,take_profit,short,150.749,2023-11-16 17:05:00,150.57564285714287,150.4797142857143,150.459,1.5,2023-11-16 17:10:00
647,buy,long,148.642,2023-11-22 07:30:00,148.5500714285714,148.7952142857143,,,
648,take_profit,long,148.642,2023-11-22 07:55:00,148.6942857142857,148.7952142857143,148.867,1.5,2023-11-22 08:00:00
649,buy,long,148.974,2023-11-22 08:15:00,148.85667857142855,149.1695357142857,,,
650,stop_loss,long,148.974,2023-11-22 09:30:00,148.85667857142855,149.1695357142857,148.849,-1.0,2023-11-22 09:35:00
651,sell,short,147.069,2023-11-30 10:50:00,147.19617857142856,146.8570357142857,,,
652,stop_loss,short,147.069,2023-11-30 11:20:00,147.19617857142856,146.8570357142857,147.229,-1.0,2023-11-30 11:25:00
653,buy,long,148.111,2023-11-30 20:35:00,148.03321428571428,148.24064285714283,,,
654,stop_loss,long,148.111,2023-11-30 20:50:00,148.18571428571428,148.24064285714283,148.179,-1.0,2023-11-30 20:55:00
655,sell,short,147.989,2023-12-01 01:55:00,148.05832142857142,147.8734642857143,,,
656,take_profit,short,147.989,2023-12-01 02:00:00,147.9522142857143,147.8734642857143,147.826,1.5,2023-12-01 02:05:00
657,buy,long,148.18,2023-12-01 16:25:00,148.06728571428573,148.36785714285713,,,
658,stop_loss,long,148.18,2023-12-01 16:30:00,148.06728571428573,148.36785714285713,148.061,-1.0,2023-12-01 16:35:00
659,sell,short,147.307,2023-12-01 18:15:00,147.54464285714286,146.91092857142854,,,
660,take_profit,short,147.307,2023-12-01 18:35:00,147.0982142857143,146.91092857142854,146.883,1.5,2023-12-01 18:40:00
661,sell,short,143.129,2023-12-13 21:55:00,143.63032142857142,142.2934642857143,,,
662,stop_loss,short,143.129,2023-12-13 23:05:00,143.07142857142856,142.2934642857143,143.098,-1.0,2023-12-13 23:10:00
663,sell,short,142.21,2023-12-26 05:00:00,142.27203571428572,142.10660714285714,,,
664,stop_loss,short,142.21,2023-12-26 05:10:00,142.20264285714285,142.10660714285714,142.208,-1.0,2023-12-26 05:15:00
665,buy,long,142.42,2023-12-26 17:20:00,142.3560357142857,142.52660714285713,,,
666,take_profit,long,142.42,2023-12-26 17:35:00,142.45107142857145,142.52660714285713,142.528,1.5,2023-12-26 17:40:00
667,sell,short,149.646,2023-10-18 07:30:00,149.67674999999997,149.59475,,,
668,stop_loss,short,149.646,2023-10-18 07:40:00,149.67674999999997,149.59475,149.68,-1.0,2023-10-18 07:45:00
669,sell,short,149.681,2023-10-18 13:40:00,149.717,149.621,,,
670,stop_loss,short,149.681,2023-10-18 15:20:00,149.66128571428573,149.621,149.692,-1.0,2023-10-18 15:25:00
671,sell,short,149.81,2023-10-18 19:55:00,149.85403571428571,149.73660714285714,,,
672,take_profit,short,149.81,2023-10-18 20:00:00,149.78335714285714,149.73660714285714,149.735,1.5,2023-10-18 20:05:00
673,buy,long,149.833,2023-10-18 21:15:00,149.782,149.91799999999998,,,
674,stop_loss,long,149.833,2023-10-18 22:20:00,149.8857857142857,149.91799999999998,149.872,-1.0,2023-10-18 22:25:00
675,sell,short,149.77,2023-10-19 03:40:00,149.84607142857143,149.64321428571432,,,
676,stop_loss,short,149.77,2023-10-19 09:10:00,149.75964285714286,149.64321428571432,149.76,-1.0,2023-10-19 09:15:00
677,sell,short,149.758,2023-10-19 09:45:00,149.80075,149.68675000000002,,,
678,stop_loss,short,149.758,2023-10-19 11:10:00,149.80075,149.68675000000002,149.83,-1.0,2023-10-19 11:15:00
679,buy,long,149.836,2023-10-19 14:50:00,149.80300000000003,149.89100000000002,,,
680,stop_loss,long,149.836,2023-10-19 15:10:00,149.80300000000003,149.89100000000002,149.803,-1.0,2023-10-19 15:15:00
681,sell,short,149.791,2023-10-19 16:45:00,149.84307142857142,149.70421428571427,,,
682,stop_loss,short,149.791,2023-10-19 17:35:00,149.84307142857142,149.70421428571427,149.875,-1.0,2023-10-19 17:40:00
683,sell,short,149.864,2023-10-19 19:35:00,149.98260714285715,149.66632142857142,,,
684,stop_loss,short,149.864,2023-10-19 20:25:00,149.77107142857145,149.66632142857142,149.793,-1.0,2023-10-19 20:30:00
685,buy,long,149.82,2023-10-20 01:50:00,149.78817857142857,149.8730357142857,,,
686,stop_loss,long,149.82,2023-10-20 02:25:00,149.78817857142857,149.8730357142857,149.784,-1.0,2023-10-20 02:30:00
687,buy,long,149.908,2023-10-23 06:05:00,149.8822857142857,149.95085714285713,,,
688,stop_loss,long,149.908,2023-10-23 06:30:00,149.9112857142857,149.95085714285713,149.911,-1.0,2023-10-23 06:35:00
689,buy,long,149.972,2023-10-23 13:10:00,149.9317142857143,150.03914285714285,,,
690,stop_loss,long,149.972,2023-10-23 14:15:00,149.9317142857143,150.03914285714285,149.929,-1.0,2023-10-23 14:20:00
691,sell,short,149.657,2023-10-23 21:15:00,149.7005,149.58450000000002,,,
692,take_profit,short,149.657,2023-10-23 21:40:00,149.61292857142857,149.58450000000002,149.559,1.5,2023-10-23 21:45:00
693,sell,short,149.833,2023-10-25 05:05:00,149.863,149.783,,,
694,stop_loss,short,149.833,2023-10-25 06:00:00,149.80514285714284,149.783,149.813,-1.0,2023-10-25 06:05:00
695,sell,short,150.062,2023-10-26 01:15:00,150.1132142857143,149.97664285714288,,,
696,stop_loss,short,150.062,2023-10-26 01:30:00,150.1132142857143,149.97664285714288,150.145,-1.0,2023-10-26 01:35:00
697,sell,short,150.094,2023-10-26 16:40:00,150.19214285714284,149.93042857142856,,,
698,stop_loss,short,150.094,2023-10-26 16:45:00,150.19214285714284,149.93042857142856,150.241,-1.0,2023-10-26 16:50:00
699,buy,long,150.4,2023-10-27 03:10:00,150.36207142857143,150.4632142857143,,,
700,stop_loss,long,150.4,2023-10-27 03:10:00,150.36207142857143,150.4632142857143,150.345,-1.0,2023-10-27 03:15:00
701,sell,short,150.103,2023-10-27 11:15:00,150.16278571428572,150.00335714285717,,,
702,take_profit,short,150.103,2023-10-27 12:25:00,150.04049999999998,150.00335714285717,149.997,1.5,2023-10-27 12:30:00
703,buy,long,150.072,2023-10-27 14:00:00,150.01575,150.16575,,,
704,stop_loss,long,150.072,2023-10-27 14:30:00,150.09499999999997,150.16575,150.077,-1.0,2023-10-27 14:35:00
705,sell,short,149.713,2023-10-30 03:50:00,149.76817857142856,149.6210357142857,,,
706,take_profit,short,149.713,2023-10-30 04:15:00,149.6795,149.6210357142857,149.611,1.5,2023-10-30 04:20:00
707,sell,short,149.139,2023-10-30 16:45:00,149.3237142857143,148.83114285714288,,,
708,take_profit,short,149.139,2023-10-30 17:15:00,148.95942857142856,148.83114285714288,148.828,1.5,2023-10-30 17:20:00
709,buy,long,150.362,2023-10-31 10:45:00,150.23921428571427,150.56664285714285,,,
710,take_profit,long,150.362,2023-10-31 11:45:00,150.46214285714285,150.56664285714285,150.674,1.5,2023-10-31 11:50:00
711,sell,short,151.263,2023-11-01 03:30:00,151.34957142857144,151.11871428571428,,,
712,stop_loss,short,151.263,2023-11-01 04:25:00,151.26264285714285,151.11871428571428,151.269,-1.0,2023-11-01 04:30:00
713,buy,long,151.25,2023-11-01 15:55:00,151.15582142857141,151.40696428571428,,,
714,stop_loss,long,151.25,2023-11-01 15:55:00,151.15582142857141,151.40696428571428,151.154,-1.0,2023-11-01 16:00:00
715,sell,short,150.893,2023-11-01 16:30:00,151.02982142857144,150.66496428571426,,,
716,stop_loss,short,150.893,2023-11-01 16:45:00,151.02982142857144,150.66496428571426,151.044,-1.0,2023-11-01 16:50:00
717,sell,short,150.423,2023-11-02 02:15:00,150.4935,150.3055,,,
718,take_profit,short,150.423,2023-11-02 03:35:00,150.3827142857143,150.3055,150.303,1.5,2023-11-02 03:40:00
719,buy,long,150.416,2023-11-02 06:50:00,150.35342857142857,150.5202857142857,,,
720,stop_loss,long,150.416,2023-11-02 07:50:00,150.4255714285714,150.5202857142857,150.395,-1.0,2023-11-02 07:55:00
721,sell,short,150.394,2023-11-02 09:25:00,150.43567857142858,150.32453571428573,,,
722,stop_loss,short,150.394,2023-11-02 09:35:00,150.43567857142858,150.32453571428573,150.549,-1.0,2023-11-02 09:40:00
723,sell,short,150.274,2023-11-03 08:25:00,150.30517857142857,150.2220357142857,,,
724,stop_loss,short,150.274,2023-11-03 09:30:00,150.25442857142858,150.2220357142857,150.271,-1.0,2023-11-03 09:35:00
725,sell,short,150.316,2023-11-07 13:00:00,150.37267857142857,150.22153571428572,,,
726,stop_loss,short,150.316,2023-11-07 13:00:00,150.37267857142857,150.22153571428572,150.388,-1.0,2023-11-07 13:05:00
727,buy,long,150.879,2023-11-08 14:55:00,150.83421428571427,150.95364285714285,,,
728,take_profit,long,150.879,2023-11-08 15:35:00,150.91764285714285,150.95364285714285,150.971,1.5,2023-11-08 15:40:00
729,sell,short,150.764,2023-11-08 18:45:00,150.83739285714287,150.64167857142857,,,
730,stop_loss,short,150.764,2023-11-08 19:20:00,150.83739285714287,150.64167857142857,150.891,-1.0,2023-11-08 19:25:00
731,sell,short,151.083,2023-11-09 14:40:00,151.12971428571427,151.00514285714286,,,
732,stop_loss,short,151.083,2023-11-09 15:00:00,151.12971428571427,151.00514285714286,151.149,-1.0,2023-11-09 15:05:00
733,buy,long,151.342,2023-11-09 23:20:00,151.29807142857143,151.4152142857143,,,
734,stop_loss,long,151.342,2023-11-09 23:50:00,151.29807142857143,151.4152142857143,151.266,-1.0,2023-11-09 23:55:00
735,sell,short,151.717,2023-11-13 13:45:00,151.74485714285717,151.67057142857144,,,
736,stop_loss,short,151.717,2023-11-13 13:55:00,151.74485714285717,151.67057142857144,151.747,-1.0,2023-11-13 14:00:00
737,sell,short,151.683,2023-11-14 14:30:00,151.71042857142857,151.6372857142857,,,
738,take_profit,short,151.683,2023-11-14 15:20:00,151.66292857142858,151.6372857142857,151.199,1.5,2023-11-14 15:25:00
739,sell,short,150.354,2023-11-16 17:20:00,150.48610714285715,150.13382142857145,,,
740,stop_loss,short,150.354,2023-11-16 17:30:00,150.48610714285715,150.13382142857145,150.506,-1.0,2023-11-16 17:35:00
741,sell,short,150.534,2023-11-17 04:10:00,150.6110357142857,150.40560714285715,,,
742,stop_loss,short,150.534,2023-11-17 04:30:00,150.49521428571427,150.40560714285715,150.498,-1.0,2023-11-17 04:35:00
743,stop_loss,short,149.573,2023-11-17 18:05:00,149.66792857142858,149.4147857142857,149.669,-1.0,2023-11-17 18:10:00
744,sell,short,148.947,2023-11-20 07:15:00,149.061,148.757,,,
745,stop_loss,short,148.947,2023-11-20 07:40:00,149.061,148.757,149.109,-1.0,2023-11-20 07:45:00
746,sell,short,149.492,2023-11-24 00:50:00,149.52564285714286,149.43592857142858,,,
747,stop_loss,short,149.492,2023-11-24 00:50:00,149.47842857142857,149.43592857142858,149.5,-1.0,2023-11-24 00:55:00
748,sell,short,148.867,2023-11-27 09:05:00,148.96224999999998,148.70825,,,
749,stop_loss,short,148.867,2023-11-27 09:20:00,148.8505,148.70825,148.927,-1.0,2023-11-27 09:25:00
750,buy,long,148.253,2023-11-30 22:05:00,148.1815357142857,148.37210714285715,,,
751,stop_loss,long,148.253,2023-11-30 23:00:00,148.1815357142857,148.37210714285715,148.179,-1.0,2023-11-30 23:05:00
752,sell,short,145.412,2023-12-12 08:20:00,145.52621428571427,145.22164285714285,,,
753,stop_loss,short,145.412,2023-12-12 09:15:00,145.34821428571428,145.22164285714285,145.36,-1.0,2023-12-12 09:20:00
754,buy,long,143.47,2023-12-21 02:35:00,143.36564285714286,143.64392857142857,,,
755,stop_loss,long,143.47,2023-12-21 02:40:00,143.36564285714286,143.64392857142857,143.361,-1.0,2023-12-21 02:45:00
756,buy,long,149.671,2023-10-18 09:55:00,149.62139285714287,149.75367857142854,,,
757,take_profit,long,149.671,2023-10-18 10:55:00,149.72314285714288,149.75367857142854,149.766,1.5,2023-10-18 11:00:00
758,sell,short,149.733,2023-10-18 20:40:00,149.78935714285714,149.63907142857144,,,
759,stop_loss,short,149.733,2023-10-18 21:00:00,149.78935714285714,149.63907142857144,149.798,-1.0,2023-10-18 21:05:00
760,sell,short,149.829,2023-10-19 01:10:00,149.87550000000002,149.7515,,,
761,take_profit,short,149.829,2023-10-19 02:50:00,149.7742857142857,149.7515,149.746,1.5,2023-10-19 02:55:00
762,sell,short,149.77,2023-10-19 03:40:00,149.84607142857143,149.64321428571432,,,
763,stop_loss,short,149.77,2023-10-19 09:10:00,149.75964285714286,149.64321428571432,149.76,-1.0,2023-10-19 09:15:00
764,buy,long,149.876,2023-10-19 19:40:00,149.7497857142857,150.08635714285717,,,
765,stop_loss,long,149.876,2023-10-19 19:40:00,149.7497857142857,150.08635714285717,149.747,-1.0,2023-10-19 19:45:00
766,buy,long,149.861,2023-10-20 05:00:00,149.81557142857142,149.9367142857143,,,
767,stop_loss,long,149.861,2023-10-20 08:10:00,149.86492857142855,149.9367142857143,149.853,-1.0,2023-10-20 08:15:00
768,sell,short,149.843,2023-10-20 08:55:00,149.86764285714287,149.80192857142853,,,
769,stop_loss,short,149.843,2023-10-20 09:10:00,149.86764285714287,149.80192857142853,149.871,-1.0,2023-10-20 09:15:00
770,buy,long,149.959,2023-10-20 11:05:00,149.9127142857143,150.03614285714286,,,
771,stop_loss,long,149.959,2023-10-20 11:10:00,149.9127142857143,150.03614285714286,149.896,-1.0,2023-10-20 11:15:00
772,sell,short,149.899,2023-10-20 17:30:00,149.95042857142857,149.8132857142857,,,
773,take_profit,short,149.899,2023-10-20 18:15:00,149.85435714285714,149.8132857142857,149.811,1.5,2023-10-20 18:20:00
774,sell,short,149.844,2023-10-20 19:05:00,149.89521428571427,149.75864285714286,,,
775,stop_loss,short,149.844,2023-10-20 19:40:00,149.8377857142857,149.75864285714286,149.842,-1.0,2023-10-20 19:45:00
776,sell,short,149.917,2023-10-23 16:35:00,149.94935714285714,149.86307142857143,,,
777,buy,long,149.935,2023-10-23 16:40:00,149.90339285714285,149.98767857142857,,,
778,stop_loss,long,149.935,2023-10-23 17:00:00,149.90339285714285,149.98767857142857,149.889,-1.0,2023-10-23 17:05:00
779,buy,long,149.686,2023-10-24 00:55:00,149.6344642857143,149.77189285714286,,,
780,stop_loss,long,149.686,2023-10-24 03:00:00,149.7545,149.77189285714286,149.735,-1.0,2023-10-24 03:05:00
781,sell,short,149.599,2023-10-24 06:15:00,149.6548214285714,149.50596428571427,,,
782,stop_loss,short,149.599,2023-10-24 06:30:00,149.56014285714286,149.50596428571427,149.565,-1.0,2023-10-24 06:35:00
783,buy,long,149.724,2023-10-24 13:40:00,149.6817857142857,149.79435714285714,,,
784,take_profit,long,149.724,2023-10-24 13:50:00,149.75549999999998,149.79435714285714,149.818,1.5,2023-10-24 13:55:00
785,buy,long,149.858,2023-10-24 17:50:00,149.78632142857143,149.9774642857143,,,
786,stop_loss,long,149.858,2023-10-24 18:40:00,149.87157142857143,149.9774642857143,149.859,-1.0,2023-10-24 18:45:00
787,sell,short,149.776,2023-10-24 20:05:00,149.8236785714286,149.69653571428574,,,
788,stop_loss,short,149.776,2023-10-24 20:35:00,149.8236785714286,149.69653571428574,149.827,-1.0,2023-10-24 20:40:00
789,sell,short,149.813,2023-10-25 06:30:00,149.84032142857143,149.76746428571428,,,
790,stop_loss,short,149.813,2023-10-25 07:05:00,149.84032142857143,149.76746428571428,149.843,-1.0,2023-10-25 07:10:00
791,buy,long,149.899,2023-10-25 11:50:00,149.87478571428574,149.93935714285715,,,
792,stop_loss,long,149.899,2023-10-25 13:05:00,149.91578571428573,149.93935714285715,149.906,-1.0,2023-10-25 13:10:00
793,buy,long,149.928,2023-10-25 15:35:00,149.90453571428571,149.96710714285715,,,
794,stop_loss,long,149.928,2023-10-25 15:50:00,149.90453571428571,149.96710714285715,149.902,-1.0,2023-10-25 15:55:00
795,sell,short,150.27,2023-10-26 13:00:00,150.3259285714286,150.17678571428573,,,
796,stop_loss,short,150.27,2023-10-26 13:45:00,150.2492142857143,150.17678571428573,150.262,-1.0,2023-10-26 13:50:00
797,buy,long,150.404,2023-10-26 21:35:00,150.34507142857143,150.50221428571427,,,
798,stop_loss,long,150.404,2023-10-26 21:50:00,150.34507142857143,150.50221428571427,150.344,-1.0,2023-10-26 21:55:00
799,stop_loss,short,150.123,2023-10-27 10:00:00,150.19382142857143,150.0049642857143,150.202,-1.0,2023-10-27 10:05:00
800,sell,short,149.808,2023-10-27 16:00:00,149.93871428571427,149.59014285714284,,,
801,stop_loss,short,149.808,2023-10-27 17:05:00,149.69199999999998,149.59014285714284,149.694,-1.0,2023-10-27 17:10:00
802,buy,long,149.503,2023-10-31 04:25:00,149.4290714285714,149.62621428571427,,,
803,stop_loss,long,149.503,2023-10-31 04:40:00,149.4290714285714,149.62621428571427,149.429,-1.0,2023-10-31 04:45:00
804,sell,short,150.954,2023-11-01 17:55:00,151.04560714285716,150.8013214285714,,,
805,stop_loss,short,150.954,2023-11-01 18:10:00,151.04560714285716,150.8013214285714,151.048,-1.0,2023-11-01 18:15:00
806,sell,short,150.983,2023-11-01 20:55:00,151.1649285714286,150.6797857142857,,,
807,stop_loss,short,150.983,2023-11-01 21:35:00,150.80621428571428,150.6797857142857,150.815,-1.0,2023-11-01 21:40:00
808,sell,short,150.231,2023-11-02 14:10:00,150.29582142857143,150.12296428571426,,,
809,take_profit,short,150.231,2023-11-02 14:25:00,150.18285714285713,150.12296428571426,150.074,1.5,2023-11-02 14:30:00
810,sell,short,150.385,2023-11-07 23:20:00,150.41275,150.33875,,,
811,stop_loss,short,150.385,2023-11-07 23:30:00,150.41275,150.33875,150.42,-1.0,2023-11-07 23:35:00
812,sell,short,150.789,2023-11-08 19:20:00,150.84064285714285,150.70292857142854,,,
813,stop_loss,short,150.789,2023-11-08 19:20:00,150.84064285714285,150.70292857142854,150.891,-1.0,2023-11-08 19:25:00
814,buy,long,151.475,2023-11-10 16:50:00,151.42399999999998,151.56,,,
815,stop_loss,long,151.475,2023-11-10 16:55:00,151.4767857142857,151.56,151.458,-1.0,2023-11-10 17:00:00
816,sell,short,151.556,2023-11-13 19:20:00,151.61267857142857,151.46153571428573,,,
817,stop_loss,short,151.556,2023-11-13 19:35:00,151.55478571428569,151.46153571428573,151.59,-1.0,2023-11-13 19:40:00
818,sell,short,151.004,2023-11-14 15:35:00,151.10964285714286,150.82792857142857,,,
819,stop_loss,short,151.004,2023-11-14 15:45:00,150.98442857142857,150.82792857142857,150.992,-1.0,2023-11-14 15:50:00
820,buy,long,150.624,2023-11-15 04:25:00,150.5487857142857,150.74935714285712,,,
821,stop_loss,long,150.624,2023-11-15 05:35:00,150.5487857142857,150.74935714285712,150.532,-1.0,2023-11-15 05:40:00
822,buy,long,150.7,2023-11-15 15:35:00,150.56167857142856,150.9305357142857,,,
823,stop_loss,long,150.7,2023-11-15 15:35:00,150.7687857142857,150.9305357142857,150.741,-1.0,2023-11-15 15:40:00
824,sell,short,151.253,2023-11-16 01:15:00,151.2983214285714,151.17746428571428,,,
825,stop_loss,short,151.253,2023-11-16 01:50:00,151.22207142857144,151.17746428571428,151.245,-1.0,2023-11-16 01:55:00
826,sell,short,149.206,2023-11-17 15:10:00,149.33232142857142,148.9954642857143,,,
827,stop_loss,short,149.206,2023-11-17 15:10:00,149.33232142857142,148.9954642857143,149.361,-1.0,2023-11-17 15:15:00
828,buy,long,149.772,2023-11-17 18:30:00,149.67492857142855,149.9337857142857,,,
829,stop_loss,long,149.772,2023-11-17 20:10:00,149.67492857142855,149.9337857142857,149.667,-1.0,2023-11-17 20:15:00
830,buy,long,149.195,2023-11-20 09:05:00,149.099,149.355,,,
831,stop_loss,long,149.195,2023-11-20 09:25:00,149.099,149.355,149.069,-1.0,2023-11-20 09:30:00
832,sell,short,148.973,2023-11-27 06:40:00,149.06685714285715,148.81657142857145,,,
833,stop_loss,short,148.973,2023-11-27 07:25:00,149.06685714285715,148.81657142857145,149.085,-1.0,2023-11-27 07:30:00
834,sell,short,147.754,2023-12-01 02:55:00,147.8662857142857,147.56685714285715,,,
835,stop_loss,short,147.754,2023-12-01 03:15:00,147.70214285714286,147.56685714285715,147.715,-1.0,2023-12-01 03:20:00
836,sell,short,146.792,2023-12-01 21:10:00,146.91017857142856,146.59503571428573,,,
837,stop_loss,short,146.792,2023-12-01 21:20:00,146.7917857142857,146.59503571428573,146.821,-1.0,2023-12-01 21:25:00
838,buy,long,143.81,2023-12-07 23:05:00,143.7155,143.9675,,,
839,take_profit,long,143.81,2023-12-07 23:10:00,143.8785,143.9675,143.98,1.5,2023-12-07 23:15:00
840,sell,short,145.371,2023-12-12 09:50:00,145.50364285714286,145.14992857142857,,,
841,stop_loss,short,145.371,2023-12-12 09:55:00,145.50364285714286,145.14992857142857,145.572,-1.0,2023-12-12 10:00:00
842,sell,short,142.164,2023-12-26 05:15:00,142.221,142.069,,,
843,stop_loss,short,142.164,2023-12-26 06:05:00,142.221,142.069,142.223,-1.0,2023-12-26 06:10:00
844,sell,short,149.724,2023-10-18 12:50:00,149.77917857142856,149.6320357142857,,,
845,stop_loss,short,149.724,2023-10-18 15:20:00,149.66128571428573,149.6320357142857,149.692,-1.0,2023-10-18 15:25:00
846,buy,long,149.827,2023-10-18 17:40:00,149.77889285714286,149.90717857142857,,,
847,stop_loss,long,149.827,2023-10-18 17:45:00,149.77889285714286,149.90717857142857,149.772,-1.0,2023-10-18 17:50:00
848,sell,short,149.82,2023-10-19 01:15:00,149.86617857142858,149.7430357142857,,,
849,take_profit,short,149.82,2023-10-19 02:55:00,149.76985714285715,149.7430357142857,149.715,1.5,2023-10-19 03:00:00
850,buy,long,149.794,2023-10-19 04:50:00,149.7355,149.8915,,,
851,stop_loss,long,149.794,2023-10-19 05:45:00,149.79785714285714,149.8915,149.797,-1.0,2023-10-19 05:50:00
852,sell,short,149.791,2023-10-19 07:25:00,149.81660714285715,149.74832142857144,,,
853,stop_loss,short,149.791,2023-10-19 07:45:00,149.78657142857142,149.74832142857144,149.799,-1.0,2023-10-19 07:50:00
854,buy,long,149.825,2023-10-19 21:35:00,149.76864285714285,149.91892857142855,,,
855,sell,short,149.779,2023-10-19 22:30:00,149.81425,149.72025,,,
856,stop_loss,short,149.779,2023-10-19 23:25:00,149.81425,149.72025,149.818,-1.0,2023-10-19 23:30:00
857,buy,long,149.849,2023-10-20 07:00:00,149.82757142857142,149.88471428571427,,,
858,stop_loss,long,149.849,2023-10-20 08:10:00,149.86492857142855,149.88471428571427,149.853,-1.0,2023-10-20 08:15:00
859,buy,long,149.928,2023-10-20 12:25:00,149.8335,150.0855,,,
860,stop_loss,long,149.928,2023-10-20 15:25:00,149.947,150.0855,149.938,-1.0,2023-10-20 15:30:00
861,sell,short,149.821,2023-10-20 18:10:00,149.87210714285715,149.73582142857143,,,
862,stop_loss,short,149.821,2023-10-20 20:05:00,149.79664285714284,149.73582142857143,149.852,-1.0,2023-10-20 20:10:00
863,buy,long,149.854,2023-10-23 04:45:00,149.812,149.92400000000004,,,
864,stop_loss,long,149.854,2023-10-23 05:15:00,149.86828571428572,149.92400000000004,149.857,-1.0,2023-10-23 05:20:00
865,sell,short,149.625,2023-10-23 22:50:00,149.66528571428572,149.55785714285713,,,
866,stop_loss,short,149.625,2023-10-23 23:00:00,149.66528571428572,149.55785714285713,149.667,-1.0,2023-10-23 23:05:00
867,buy,long,149.851,2023-10-24 20:50:00,149.81167857142856,149.91653571428571,,,
868,stop_loss,long,149.851,2023-10-24 21:15:00,149.86207142857143,149.91653571428571,149.861,-1.0,2023-10-24 21:20:00
869,buy,long,149.887,2023-10-24 23:00:00,149.85978571428572,149.93235714285714,,,
870,stop_loss,long,149.887,2023-10-24 23:50:00,149.85978571428572,149.93235714285714,149.847,-1.0,2023-10-24 23:55:00
871,buy,long,150.421,2023-10-26 07:55:00,150.39410714285714,150.46582142857142,,,
872,stop_loss,long,150.421,2023-10-26 08:20:00,150.42464285714283,150.46582142857142,150.42,-1.0,2023-10-26 08:25:00
873,sell,short,150.116,2023-10-26 16:35:00,150.23557142857143,149.9167142857143,,,
874,stop_loss,short,150.116,2023-10-26 16:45:00,150.23557142857143,149.9167142857143,150.241,-1.0,2023-10-26 16:50:00
875,buy,long,150.376,2023-10-26 18:10:00,150.28707142857144,150.5242142857143,,,
876,stop_loss,long,150.376,2023-10-26 18:40:00,150.42485714285715,150.5242142857143,150.414,-1.0,2023-10-26 18:45:00
877,sell,short,150.359,2023-10-27 01:50:00,150.38396428571428,150.31739285714286,,,
878,stop_loss,short,150.359,2023-10-27 02:45:00,150.35171428571428,150.31739285714286,150.354,-1.0,2023-10-27 02:50:00
879,sell,short,150.175,2023-10-27 07:50:00,150.20392857142858,150.12678571428572,,,
880,stop_loss,short,150.175,2023-10-27 07:55:00,150.16542857142858,150.12678571428572,150.172,-1.0,2023-10-27 08:00:00
881,sell,short,150.052,2023-10-27 12:00:00,150.10096428571427,149.97039285714285,,,
882,stop_loss,short,150.052,2023-10-27 12:55:00,150.02864285714287,149.97039285714285,150.049,-1.0,2023-10-27 13:00:00
883,sell,short,149.488,2023-10-27 21:50:00,149.53439285714285,149.41067857142855,,,
884,stop_loss,short,149.488,2023-10-27 22:05:00,149.53439285714285,149.41067857142855,149.542,-1.0,2023-10-27 22:10:00
885,buy,long,151.454,2023-10-31 18:20:00,151.33314285714286,151.65542857142856,,,
886,take_profit,long,151.454,2023-10-31 18:35:00,151.56035714285713,151.65542857142856,151.657,1.5,2023-10-31 18:40:00
887,buy,long,151.336,2023-11-01 07:05:00,151.2754642857143,151.43689285714288,,,
888,stop_loss,long,151.336,2023-11-01 07:50:00,151.2754642857143,151.43689285714288,151.256,-1.0,2023-11-01 07:55:00
889,sell,short,151.227,2023-11-01 11:50:00,151.28035714285716,151.13807142857144,,,
890,take_profit,short,151.227,2023-11-01 12:40:00,151.18114285714287,151.13807142857144,151.132,1.5,2023-11-01 12:45:00
891,sell,short,151.154,2023-11-01 16:05:00,151.26714285714286,150.96542857142856,,,
892,take_profit,short,151.154,2023-11-01 16:10:00,151.26714285714286,150.96542857142856,150.963,1.5,2023-11-01 16:15:00
893,sell,short,150.947,2023-11-01 18:05:00,151.0374285714286,150.7962857142857,,,
894,stop_loss,short,150.947,2023-11-01 18:10:00,151.0374285714286,150.7962857142857,151.048,-1.0,2023-11-01 18:15:00
895,buy,long,149.551,2023-11-06 04:05:00,149.47792857142855,149.6727857142857,,,
896,stop_loss,long,149.551,2023-11-06 05:05:00,149.61864285714285,149.6727857142857,149.616,-1.0,2023-11-06 05:10:00
897,buy,long,149.9,2023-11-06 21:20:00,149.85950000000003,149.9675,,,
898,take_profit,long,149.9,2023-11-06 21:55:00,149.94007142857143,149.9675,149.969,1.5,2023-11-06 22:00:00
899,buy,long,150.589,2023-11-07 19:25:00,150.53264285714286,150.68292857142856,,,
900,stop_loss,long,150.589,2023-11-07 19:50:00,150.53264285714286,150.68292857142856,150.495,-1.0,2023-11-07 19:55:00
901,sell,short,150.36,2023-11-08 01:20:00,150.40232142857144,150.2894642857143,,,
902,stop_loss,short,150.36,2023-11-08 01:50:00,150.40232142857144,150.2894642857143,150.409,-1.0,2023-11-08 01:55:00
903,buy,long,151.04,2023-11-09 11:00:00,150.95739285714285,151.17767857142857,,,
904,stop_loss,long,151.04,2023-11-09 12:25:00,151.12178571428572,151.17767857142857,151.119,-1.0,2023-11-09 12:30:00
905,sell,short,150.9,2023-11-09 16:15:00,151.0070357142857,150.72160714285715,,,
906,stop_loss,short,150.9,2023-11-09 18:35:00,151.0070357142857,150.72160714285715,151.026,-1.0,2023-11-09 18:40:00
907,buy,long,151.352,2023-11-09 22:40:00,151.3004642857143,151.43789285714283,,,
908,stop_loss,long,151.352,2023-11-09 23:50:00,151.3004642857143,151.43789285714283,151.266,-1.0,2023-11-09 23:55:00
909,buy,long,151.469,2023-11-10 13:55:00,151.43117857142855,151.5320357142857,,,
910,stop_loss,long,151.469,2023-11-10 14:15:00,151.43117857142855,151.5320357142857,151.404,-1.0,2023-11-10 14:20:00
911,sell,short,151.542,2023-11-13 18:30:00,151.64121428571428,151.37664285714285,,,
912,stop_loss,short,151.542,2023-11-13 19:55:00,151.64121428571428,151.37664285714285,151.658,-1.0,2023-11-13 20:00:00
913,take_profit,short,151.199,2023-11-14 15:25:00,151.28610714285716,151.05382142857144,151.004,1.5,2023-11-14 15:30:00
914,sell,short,150.765,2023-11-14 17:05:00,150.93417857142856,150.48303571428568,,,
915,stop_loss,short,150.765,2023-11-14 20:40:00,150.5267857142857,150.48303571428568,150.544,-1.0,2023-11-14 20:45:00
916,buy,long,150.68,2023-11-15 08:10:00,150.62964285714287,150.76392857142858,,,
917,stop_loss,long,150.68,2023-11-15 08:20:00,150.62964285714287,150.76392857142858,150.618,-1.0,2023-11-15 08:25:00
918,sell,short,148.571,2023-11-20 11:00:00,148.7429642857143,148.28439285714285,,,
919,take_profit,short,148.571,2023-11-20 11:20:00,148.4847857142857,148.28439285714285,148.245,1.5,2023-11-20 11:25:00
920,buy,long,148.37,2023-11-21 21:30:00,148.22235714285713,148.61607142857144,,,
921,stop_loss,long,148.37,2023-11-22 00:50:00,148.22235714285713,148.61607142857144,148.2,-1.0,2023-11-22 00:55:00
922,buy,long,148.933,2023-11-27 18:50:00,148.8315357142857,149.10210714285714,,,
923,stop_loss,long,148.933,2023-11-27 19:55:00,148.8315357142857,149.10210714285714,148.795,-1.0,2023-11-27 20:00:00
924,sell,short,146.597,2023-12-04 11:25:00,146.69782142857144,146.4289642857143,,,
925,stop_loss,short,146.597,2023-12-04 12:00:00,146.69782142857144,146.4289642857143,146.734,-1.0,2023-12-04 12:05:00
926,sell,short,146.864,2023-12-07 05:20:00,146.96139285714287,146.70167857142857,,,
927,stop_loss,short,146.864,2023-12-07 05:45:00,146.83485714285712,146.70167857142857,146.85,-1.0,2023-12-07 05:50:00
928,sell,short,143.447,2023-12-08 03:40:00,143.90696428571428,142.68039285714286,,,
929,stop_loss,short,143.447,2023-12-08 04:25:00,143.36114285714285,142.68039285714286,143.379,-1.0,2023-12-08 04:30:00
930,buy,long,145.584,2023-12-11 06:45:00,145.5099642857143,145.70739285714288,,,
931,stop_loss,long,145.584,2023-12-11 07:20:00,145.5099642857143,145.70739285714288,145.488,-1.0,2023-12-11 07:25:00
932,sell,short,145.682,2023-12-12 05:15:00,145.77221428571428,145.53164285714286,,,
933,stop_loss,short,145.682,2023-12-12 06:25:00,145.6197857142857,145.53164285714286,145.642,-1.0,2023-12-12 06:30:00
934,buy,long,141.985,2023-12-15 09:00:00,141.85000000000002,142.21000000000004,,,
935,stop_loss,long,141.985,2023-12-15 09:20:00,141.85000000000002,142.21000000000004,141.828,-1.0,2023-12-15 09:25:00
936,sell,short,142.333,2023-12-22 08:00:00,142.41614285714286,142.19442857142855,,,
937,stop_loss,short,142.333,2023-12-22 08:45:00,142.27928571428572,142.19442857142855,142.333,-1.0,2023-12-22 08:50:00
938,sell,short,142.185,2023-12-26 04:50:00,142.2474642857143,142.08089285714286,,,
939,stop_loss,short,142.185,2023-12-26 06:45:00,142.2474642857143,142.08089285714286,142.251,-1.0,2023-12-26 06:50:00
940,buy,long,141.536,2023-12-28 03:15:00,141.37014285714287,141.8124285714286,,,
941,stop_loss,long,141.536,2023-12-28 03:50:00,141.37014285714287,141.8124285714286,141.312,-1.0,2023-12-28 03:55:00
